"Name","Locus","Allele1Seq","Allele2Seq"
"Ch-44","A","ATTATCACTGGTGTTAGTCCTCTGTATTATTCAGGATTCTCCAGACAAATGGAACCCATAGGATGGATAGATAGATAGATAGATAGATAGATAGACAGATAGAAAGTGATATGTTATGAAGGACTGGCTCACACAACTGTG","ATTATCACTGGTGTTAGTCCTCTGTATTATTCAGGATTCTCCAGACAAATGGAACCCATAGGATGGATGGATAGATAGATAGATAGATAGATAGATAGATAGATAGATAGACAGACAGATAGAAAGTGATATGTTATGAAGGACTGGCTCACACAACTGTG"
"Ch-58","A","ATTATCACTGGTGTTAGTCCTCTGTATTATTCAGGATTCTCCAGACAAATGGAACCCATAGGATGGATAGATAGATAGATAGATAGATAGATAGACAGATAGAAAGTGATATGTTATGAAGGACTGGCTCACACAACTGTG","ATTATCACTGGTGTTAGTCCTCTGTATTATTCAGGATTCTCCAGACAAATGGAACCCATAGGATGGATGGATAGATAGATAGATAGATAGATAGATAGATAGATAGATAGACAGACAGATAGAAAGTGATATGTTATGAAGGACTGGCTCACACAACTGTG"
"Ch-19","A","ATTATCACTGGTGTTAGTCCTCTGTATTATTCAGGATTCTCCAGACAAATGGAACCCATAGGATGGATAGATAGATAGATAGATAGATAGATAGACAGATAGAAAGTGATATGTTATGAAGGACTGGCTCACACAACTGTG","ATTATCACTGGTGTTAGTCCTCTGTATTATTCAGGATTCTCCAGACAAATGGAACCCATAGGATGGATGGATAGATAGATAGATAGATAGATAGATAGATAGATAGATAGATAGATAGATAGACAGACAGACAGATAGAAAGTGATATGTTATGAAGGACTGGCTCACACAACTGTG"
"Ch-51","A","ATTATCACTGGTGTTAGTCCTCTGTATTATTCAGGATTCTCCAGACAAATGGAACCCATAGGATGGATGGATAGATAGATAGATAGATAGATAGATAGATAGATAGATAGATAGATAGACAGACAGACAGATAGAAAGTGATATGTTATGAAGGACTGGCTCACACAACTGTG","ATTATCACTGGTGTTAGTCCTCTGTATTATTCAGGATTCTCCAGACAAATGGAACCCATAGGATGGATGGATAGATAGATAGATAGATAGATAGATAGATAGATAGATAGATAGATAGATAGACAGACAGACAGATAGAAAGTGATATGTTATGAAGGACTGGCTCACACAACTGTG"
"Ch-26","A","ATTATCACTGGTGTTAGTCCTCTGTATTATTCAGGATTCTCCAGACAAATGGAACCCATAGGATGGATGGATAGATAGATAGATAGATAGATAGATAGATAGATAGATAGACAGACAGATAGAAAGTGATATGTTATGAAGGACTGGCTCACACAACTGTG",
"Ch-54","A","ATTATCACTGGTGTTAGTCCTCTGTATTATTCAGGATTCTCCAGACAAATGGAACCCATAGGATGGATAGATAGATAGATAGATAGATAGATAGATAGATAGATAGACAGATAGAAAGTGATATGTTATGAAGGACTGGCTCACACAACTGTG","ATTATCACTGGTGTTAGTCCTCTGTATTATTCAGGATTCTCCAGACAAATGGAACCCATAGGATGGATGGATAGATAGATAGATAGATAGATAGATAGATAGATAGATAGACAGACAGATAGAAAGTGATATGTTATGAAGGACTGGCTCACACAACTGTG"
"Ch-4","A","ATTATCACTGGTGTTAGTCCTCTGTATTATTCAGGATTCTCCAGACAAATGGAACCCATAGGATGGATGGATAGATAGATAGATAGATAGATAGATAGATAGATAGATAGACAGACAGATAGAAAGTGATATGTTATGAAGGACTGGCTCACACAACTGTG","ATTATCACTGGTGTTAGTCCTCTGTATTATTCAGGATTCTCCAGACAAATGGAACCCATAGGATGGATGGATAGATAGATAGATAGATAGATAGATAGATAGATAGATAGATAGATAGATAGACAGACAGACAGATAGAAAGTGATATGTTATGAAGGACTGGCTCACACAACTGTG"
"Ch-48","A","ATTATCACTGGTGTTAGTCCTCTGTATTATTCAGGATTCTCCAGACAAATGGAACCCATAGGATGGATGGATAGATAGATAGATAGATAGATAGATAGATAGATAGATAGACAGACAGATAGAAAGTGATATGTTATGAAGGACTGGCTCACACAACTGTG","ATTATCACTGGTGTTAGTCCTCTGTATTATTCAGGATTCTCCAGACAAATGGAACCCATAGGATGGATGGATAGATAGATAGATAGATAGATAGATAGATAGATAGATAGATAGATAGACAGACAGACAGATAGAAAGTGATATGTTATGAAGGACTGGCTCACACAACTGTG"
"Ch-53","A","ATTATCACTGGTGTTAGTCCTCTGTATTATTCAGGATTCTCCAGACAAATGGAACCCATAGGATGGATGGATAGATAGATAGATAGATAGATAGATAGATAGATAGATAGACAGACAGATAGAAAGTGATATGTTATGAAGGACTGGCTCACACAACTGTG","ATTATCACTGGTGTTAGTCCTCTGTATTATTCAGGATTCTCCAGACAAATGGAACCCATAGGATGGATGGATAGATAGATAGATAGATAGATAGATAGATAGATAGATAGATAGATAGACAGACAGACAGATAGAAAGTGATATGTTATGAAGGACTGGCTCACACAACTGTG"
"Ch-18","A","ATTATCACTGGTGTTAGTCCTCTGTATTATTCAGGATTCTCCAGACAAATGGAACCCATAGGATGGATAGATAGATAGATAGATAGATAGATAGACAGATAGAAAGTGATATGTTATGAAGGACTGGCTCACACAACTGTG","ATTATCACTGGTGTTAGTCCTCTGTATTATTCAGGATTCTCCAGACAAATGGAACCCATAGGATGGATGGATAGATAGATAGATAGATAGATAGATAGATAGATAGATAGATAGATAGACAGACAGACAGATAGAAAGTGATATGTTATGAAGGACTGGCTCACACAACTGTG"
"Ch-67","A","ATTATCACTGGTGTTAGTCCTCTGTATTATTCAGGATTCTCCAGACAAATGGAACCCATAGGATGGATAGATAGATAGATAGATAGATAGATAGACAGATAGAAAGTGATATGTTATGAAGGACTGGCTCACACAACTGTG","ATTATCACTGGTGTTAGTCCTCTGTATTATTCAGGATTCTCCAGACAAATGGAACCCATAGGATGGATGGATAGATAGATAGATAGATAGATAGATAGATAGATAGATAGATAGATAGATAGACAGACAGACAGATAGAAAGTGATATGTTATGAAGGACTGGCTCACACAACTGTG"
"Ch-3","A","ATTATCACTGGTGTTAGTCCTCTGTATTATTCAGGATTCTCCAGACAAATGGAACCCATAGGATGGATAGATAGATAGATAGATAGATAGATAGACAGATAGAAAGTGATATGTTATGAAGGACTGGCTCACACAACTGTG","ATTATCACTGGTGTTAGTCCTCTGTATTATTCAGGATTCTCCAGACAAATGGAACCCATAGGATGGATGGATAGATAGATAGATAGATAGATAGATAGATAGATAGATAGATAGATAGATAGACAGACAGACAGATAGAAAGTGATATGTTATGAAGGACTGGCTCACACAACTGTG"
"Ch-58","B","TCAGTCTCTCTTTCTCCTTGCAGATAGATGATAGATTAGATAGATAGATAGATAGATAGATGATAGATAGATAGATAGATAGATGATGATAGATAGATAGATAAATGGATAGATAGATGGGTAGACAGATAGATCTCCATTTACATCTTTTATCTCTCCTCTCTTCCTAATACAATTCACACCAACAGGACCACAGGCTCCTA","TCAGTCTCTCTTTCTCCTTGCAGATAGATGATAGATTAGATAGATAGATAGATAGATAGATAGATAGATAGATAGATAGATAGATGATGATAGATAGATAGATAAATGGATAGATAGATGGGTAGACAGATAGATCTCCATTTACATCTTTTATCTCTCCTCTCTTCCTAATACAATTCACACCAACAGGACCACAGGCTCCTA"
"Ch-19","B","TCAGTCTCTCTTTCTCCTTGCAGATAGATGATAGATTAGATAGATAGATAGATAGATAGATGATAGATAGATAGATAGATAGATGATGATAGATAGATAGATAAATGGATAGATAGATGGGTAGACAGATAGATCTCCATTTACATCTTTTATCTCTCCTCTCTTCCTAATACAATTCACACCAACAGGACCACAGGCTCCTA","TCAGTCTCTCTTTCTCCTTGCAGATAGATGATAAATAGATAGATATAGATAGATACATGATAGATTAGATAGATAGATATAGATGATAGATAGATAGATAGATGATAGATAGATAGATAGATAGATAGATAAACGGATAGATAGATGGGTAGACAGACAGATCTCCATTTACATCTTTTATCTCTCCTCTCTTCCTAATACAATTCACACCAACAGGACCACAGGCTCCTA"
"Ch-51","B","TCAGTCTCTCTTTCTCCTTGCAGATAGATGATAGATTAGATAGATAGATAGATAGATAGATAGATAGATAGATAGATGATGATAGATAGATAGATAAATGGATAGATAGATGGGTAGACAGATAGATCTCCATTTACATCTTTTATCTCTCCTCTCTTCCTAATACAATTCACACCAACAGGACCACAGGCTCCTA","TCAGTCTCTCTTTCTCCTTGCAGATAGATGATAGATTAGATAGATAGATAGATAGATAGATGATAGATAGATAGATAGATAGATGATGATAGATAGATAGATAAATGGATAGATAGATGGGTAGACAGATAGATCTCCATTTACATCTTTTATCTCTCCTCTCTTCCTAATACAATTCACACCAACAGGACCACAGGCTCCTA"
"Ch-26","B","TCAGTCTCTCTTTCTCCTTGCAGATAGATGATAGATTAGATAGATAGATAGATAGATAGATGATAGATAGATAGATAGATAGATGATGATAGATAGATAGATAAATGGATAGATAGATGGGTAGACAGATAGATCTCCATTTACATCTTTTATCTCTCCTCTCTTCCTAATACAATTCACACCAACAGGACCACAGGCTCCTA","TCAGTCTCTCTTTCTCCTTGCAGATAGATGATAAATAGATAGATATAGATAGATACATGATAGATTAGATAGATAGATATAGATGATAGATAGATAGATAGATGATAGATAGATAGATAGATAGATAGATAGATAAACGGATAGATAGATGGGTAGACAGACAGATCTCCATTTACATCTTTTATCTCTCCTCTCTTCCTAATACAATTCACACCAACAGGACCACAGGCTCCTA"
"Ch-54","B","TCAGTCTCTCTTTCTCCTTGCAGATAGATGATAGATTAGATAGATAGATAGATAGATAGATAGATAGATAGATAGATAGATGATGATAGATAGATAGATAAATGGATAGATAGATGGGTAGACAGATAGATCTCCATTTACATCTTTTATCTCTCCTCTCTTCCTAATACAATTCACACCAACAGGACCACAGGCTCCTA","TCAGTCTCTCTTTCTCCTTGCAGATAGATGATAGATTAGATAGATAGATAGATAGATAGATGATAGATAGATAGATAGATAGATGATGATAGATAGATAGATAAATGGATAGATAGATGGGTAGACAGATAGATCTCCATTTACATCTTTTATCTCTCCTCTCTTCCTAATACAATTCACACCAACAGGACCACAGGCTCCTA"
"Ch-4","B","TCAGTCTCTCTTTCTCCTTGCAGATAGATGATAAATAGATAGATATAGATAGATACATGATAGATTAGATAGATAGATATAGATGATAGATAGATAGACGATAGATAGATAGATAGATAAACGGATAGATAGATGGGTAGACAGACAGATCTCCATTTACATCTTTTATCTCTCCTCTCTTCCTAATACAATTCACACCAACAGGACCACAGGCTCCTA","TCAGTCTCTCTTTCTCCTTGCAGATAGATGATAAATAGATAGATATAGATAGATACATGATAGATTAGATAGATAGATATAGATGATAGATAGATAGATAGATGATAGATAGATAGATAGATAGATAGATAAACGGATAGATAGATGGGTAGACAGACAGATCTCCATTTACATCTTTTATCTCTCCTCTCTTCCTAATACAATTCACACCAACAGGACCACAGGCTCCTA"
"Ch-48","B","TCAGTCTCTCTTTCTCCTTGCAGATAGATGATAGATTAGATAGATAGATAGATAGATAGATAGATAGATAGATAGATGATGATAGATAGATAGATAAATGGATAGATAGATGGGTAGACAGATAGATCTCCATTTACATCTTTTATCTCTCCTCTCTTCCTAATACAATTCACACCAACAGGACCACAGGCTCCTA","TCAGTCTCTCTTTCTCCTTGCAGATAGATGATAGATTAGATAGATAGATAGATAGATAGATGATAGATAGATAGATAGATAGATGATGATAGATAGATAGATAAATGGATAGATAGATGGGTAGACAGATAGATCTCCATTTACATCTTTTATCTCTCCTCTCTTCCTAATACAATTCACACCAACAGGACCACAGGCTCCTA"
"Ch-53","B","TCAGTCTCTCTTTCTCCTTGCAGATAGATGATAAATAGATAGATATAGATAGATACATGATAGATTAGATAGATAGATATAGATGATAGATAGATAGATAGATGATAGATAGATAGATAGATAGATAGATAAACGGATAGATAGATGGGTAGACAGACAGATCTCCATTTACATCTTTTATCTCTCCTCTCTTCCTAATACAATTCACACCAACAGGACCACAGGCTCCTA",
"Ch-18","B","TCAGTCTCTCTTTCTCCTTGCAGATAGATGATAAATAGATAGATATAGATAGATACATGATAGATTAGATAGATAGATATAGATGATAGATAGATAGATAGATGATAGATAGATAGATAGATAGATAGATAAACGGATAGATAGATGGGTAGACAGACAGATCTCCATTTACATCTTTTATCTCTCCTCTCTTCCTAATACAATTCACACCAACAGGACCACAGGCTCCTA","TCAGTCTCTCTTTCTCCTTGCAGATAGATGATAAATAGATAGATATAGATAGATACATGATAGATTAGATAGATAGATATAGATGATAGATAGATAGATAGATGATAGATAGATAGATAGATAGATAGATAGATAAACGGATAGATAGATGGGTAGACAGACAGATCTCCATTTACATCTTTTATCTCTCCTCTCTTCCTAATACAATTCACACCAACAGGACCACAGGCTCCTA"
"Ch-67","B","TCAGTCTCTCTTTCTCCTTGCAGATAGATGATAGATTAGATAGATAGATAGATAGATAGATAGATAGATAGATAGATGATGATAGATAGATAGATAAATGGATAGATAGATGGGTAGACAGATAGATCTCCATTTACATCTTTTATCTCTCCTCTCTTCCTAATACAATTCACACCAACAGGACCACAGGCTCCTA","TCAGTCTCTCTTTCTCCTTGCAGATAGATGATAGATTAGATAGATAGATAGATAGATAGATAGATAGATAGATAGATAGATGATGATAGATAGATAGATAAATGGATAGATAGATGGGTAGACAGATAGATCTCCATTTACATCTTTTATCTCTCCTCTCTTCCTAATACAATTCACACCAACAGGACCACAGGCTCCTA"
"Ch-3","B","TCAGTCTCTCTTTCTCCTTGCAGATAGATGATAAATAGATAGATATAGATAGATACATGATAGATTAGATAGATAGATATAGATGATAGATAGATAGACGATAGATAGATAGATAGATAAACGGATAGATAGATGGGTAGACAGACAGATCTCCATTTACATCTTTTATCTCTCCTCTCTTCCTAATACAATTCACACCAACAGGACCACAGGCTCCTA","TCAGTCTCTCTTTCTCCTTGCAGATAGATGATAAATAGATAGATATAGATAGATACATGATAGATTAGATAGATAGATATAGATGATAGATAGATAGATAGATGATAGATAGATAGATAGATAGATAGATAAACGGATAGATAGATGGGTAGACAGACAGATCTCCATTTACATCTTTTATCTCTCCTCTCTTCCTAATACAATTCACACCAACAGGACCACAGGCTCCTA"
"Ch-44","C","GAGAACAGACCCCCAAATCTCTGCAGGACAACTCATAAGAGTGGCTTTCAATATTTTTTCGTCATGACTAAGAGTAAGAAATACCATTTTTCATCATGTCCCAGGAGATAGATAGATAGATAGATAGATAGATAGATAGATAGATAGATCTGTGCATGCACATAGTAAAACTGAAAT","GAGAACAGACCCCCAAATCTCTGCAGGACAACTCATAAGAGTGGCTTTCAATATTTTTTCGTCATGACTAAGAGTAAGAAATACCATTTTTCATCATGTCCCAGGAGATAAATAGATAGATAGATAGATAGATAGATAGATAGATAGATAGATAGATCTGTGCATGCACATAGTAAAACTGAAAT"
"Ch-58","C","GAGAACAGACCCCCAAATCTCTGCAGGACAACTCATAAGAGTGGCTTTCAATATTTTTTCGTCATGACTAAGAGTAAGAAATACCATTTTTCATCATGTCCCAGGAGATAGATAGATAGATAGATAGATAGATAGATAGATAGATAGATCTGTGCATGCACATAGTAAAACTGAAAT","GAGAACAGACCCCCAAATCTCTGCAGGACAACTCATAAGAGTGGCTTTCAATATTTTTTCGTCATGACTAAGAGTAAGAAATACCATTTTTCATCATGTCCCAGGAGATAAATAGATAGATAGATAGATAGATAGATAGATAGATAGATAGATAGATCTGTGCATGCACATAGTAAAACTGAAAT"
"Ch-19","C","GAGAACAGACCCCCAAATCTCTGCAGGACAACTCATAAGAGTGGCTTTCAATATTTTTTCGTCATGACTAAGAGTAAGAAATACCATTTTTCATCATGTCCCAGGAGATAAATAGATAGATAGATAGATAGATAGATAGATAGATAGATAGATAGATCTGTGCATGCACATAGTAAAACTGAAAT",
"Ch-51","C","GAGAACAGACCCCCAAATCTCTGCAGGACAACTCATAAGAGTGGCTTTCAATATTTTTTCGTCATGACTAAGAGTAAGAAATACCATTTTTCATCATGTCCCAGGAGATAGATAGATAGATAGATAGATAGATAGATAGATAGATAGATCTGTGCATGCACATAGTAAAACTGAAAT",
"Ch-26","C","GAGAACAGACCCCCAAATCTCTGCAGGACAACTCATAAGAGTGGCTTTCAATATTTTTTCGTCATGACTAAGAGTAAGAAATACCATTTTTCATCATGTCCCAGGAGATAAATAGATAGATAGATAGATAGATAGATAGATAGATAGATAGATAGATCTGTGCATGCACATAGTAAAACTGAAAT","GAGAACAGACCCCCAAATCTCTGCAGGACAACTCATAAGAGTGGCTTTCAATATTTTTTCGTCATGACTAAGAGTAAGAAATACCATTTTTCATCATGTCCCAGGAGATAAATAGATAGATAGATAGATAGATAGATAGATAGATAGATAGATAGATAGATAGATCTGTGCATGCACATAGTAAAACTGAAAT"
"Ch-54","C","GAGAACAGACCCCCAAATCTCTGCAGGACAACTCATAAGAGTGGCTTTCAATATTTTTTCGTCATGACTAAGAGTAAGAAATACCATTTTTCATCATGTCCCAGGAGATAGATAGATAGATAGATAGATAGATAGATAGATAGATAGATCTGTGCATGCACATAGTAAAACTGAAAT","GAGAACAGACCCCCAAATCTCTGCAGGACAACTCATAAGAGTGGCTTTCAATATTTTTTCGTCATGACTAAGAGTAAGAAATACCATTTTTCATCATGTCCCAGGAGATAAATAGATAGATAGATAGATAGATAGATAGATAGATAGATAGATAGATCTGTGCATGCACATAGTAAAACTGAAAT"
"Ch-4","C","GAGAACAGACCCCCAAATCTCTGCAGGACAACTCATAAGAGTGGCTTTCAATATTTTTTCGTCATGACTAAGAGTAAGAAATACCATTTTTCATCATGTCCCAGGAGATAGATAGATAGATAGATAGATAGATAGATAGATAGATAGATCTGTGCATGCACATAGTAAAACTGAAAT","GAGAACAGACCCCCAAATCTCTGCAGGACAACTCATAAGAGTGGCTTTCAATATTTTTTCGTCATGACTAAGAGTAAGAAATACCATTTTTCATCATGTCCCAGGAGATAAATAGATAGATAGATAGATAGATAGATAGATAGATAGATAGATAGATCTGTGCATGCACATAGTAAAACTGAAAT"
"Ch-48","C","GAGAACAGACCCCCAAATCTCTGCAGGACAACTCATAAGAGTGGCTTTCAATATTTTTTCGTCATGACTAAGAGTAAGAAATACCATTTTTCATCATGTCCCAGGAGATAGATAGATAGATAGATAGATAGATAGATAGATAGATAGATCTGTGCATGCACATAGTAAAACTGAAAT","GAGAACAGACCCCCAAATCTCTGCAGGACAACTCATAAGAGTGGCTTTCAATATTTTTTCATCATGACTAAGAGTAAGAAATACCATTTTTCATCATGTCCCAGGAGATAAATAGATAGATAGATGATAGATAGATAGATAGATAGATAGATCTGTGCATGCACATAGTAAAACTGAAAT"
"Ch-53","C","GAGAACAGACCCCCAAATCTCTGCAGGACAACTCATAAGAGTGGCTTTCAATATTTTTTCGTCATGACTAAGAGTAAGAAATACCATTTTTCATCATGTCCCAGGAGATAAATAGATAGATAGATAGATAGATAGATAGATAGATAGATAGATAGATCTGTGCATGCACATAGTAAAACTGAAAT",
"Ch-18","C","GAGAACAGACCCCCAAATCTCTGCAGGACAACTCATAAGAGTGGCTTTCAATATTTTTTCGTCATGACTAAGAGTAAGAAATACCATTTTTCATCATGTCCCAGGAGATAGATAGATAGATAGATAGATAGATAGATAGATAGATAGATCTGTGCATGCACATAGTAAAACTGAAAT","GAGAACAGACCCCCAAATCTCTGCAGGACAACTCATAAGAGTGGCTTTCAATATTTTTTCGTCATGACTAAGAGTAAGAAATACCATTTTTCATCATGTCCCAGGAGATAAATAGATAGATAGATAGATAGATAGATAGATAGATAGATAGATCTGTGCATGCACATAGTAAAACTGAAAT"
"Ch-67","C","GAGAACAGACCCCCAAATCTCTGCAGGACAACTCATAAGAGTGGCTTTCAATATTTTTTCGTCATGACTAAGAGTAAGAAATACCATTTTTCATCATGTCCCAGGAGATAAATAGATAGATAGATAGATAGATAGATAGATAGATAGATAGATAGATCTGTGCATGCACATAGTAAAACTGAAAT","GAGAACAGACCCCCAAATCTCTGCAGGACAACTCATAAGAGTGGCTTTCAATATTTTTTCATCATGACTAAGAGTAAGAAATACCATTTTTCATCATGTCCCAGGAGATAAATAGATAGATAGATAGATAGATAGATAGATAGATAGATAGATAGATAGATAGATCTGTGCATGCACATAGTAAAACTGAAAT"
"Ch-3","C","GAGAACAGACCCCCAAATCTCTGCAGGACAACTCATAAGAGTGGCTTTCAATATTTTTTCATCATGACTAAGAGTAAGAAATACCATTTTTCATCATGTCCCAGGAGATAAATAGATAGATAGATGATAGATAGATAGATAGATAGATAGATCTGTGCATGCACATAGTAAAACTGAAAT","GAGAACAGACCCCCAAATCTCTGCAGGACAACTCATAAGAGTGGCTTTCAATATTTTTTCGTCATGACTAAGAGTAAGAAATACCATTTTTCATCATGTCCCAGGAGATAAATAGATAGATAGATAGATAGATAGATAGATAGATAGATAGATAGATCTGTGCATGCACATAGTAAAACTGAAAT"
"Ch-44","D","TCAGAGGACCACTGCCTAAGGAATTCACTCACGGAGCATAGATATATAAGTATATGCTCTATCTCTATCTATCATTATCTATCTACCTGCCTACCTATCTATTGATTATCTATATCTATCTATCTATCTATCTATCATCTATCTATCTATCTATCTATCTATCATCTATCTATCTATCTTTAAGATGGCTTAAGGATGGCCACCTTCTTGCTATGTCCTTGTGTGGCTGTGAAAAGAAGCTCTGGTGTTTCTTGCTCTTCTTATATAGGCACAAATCCCATCAG","TCAGAGGACCACTGCCTAAGGAATTCACTCACGGAGCATACATATATAAGTATATGCTCTATCTCTATCTATCATTATCTATCTACCTGCCTACCTATCTATTGATTATCTATATCTATCTGTCTATCTATCTATCTATCATCTATCTATCTATCTATCTATCTATCTATCATCTATCTATCTATCTATCTTTAAGATGGCTTAAGGATGGCCACCTTCTTGCTATGTCCTTGTGTGGCTGTGAAAAGAAGCTCTGGTGTTTCTTGCTCTTCTTATATAGGCACAAATCCCATCAG"
"Ch-58","D","TCAGAGGACCACTGCCTAAGGAATTCACTCACGGAGCATAGATATATAAGTATATGCTCTATCTCTATCTATCATTATCTATCTACCTGCCTACCTATCTATTGATTATCTATATCTATCTATCTATCTATCTATCATCTATCTATCTATCTATCTATCTATCATCTATCTATCTATCTTTAAGATGGCTTAAGGATGGCCACCTTCTTGCTATGTCCTTGTGTGGCTGTGAAAAGAAGCTCTGGTGTTTCTTGCTCTTCTTATATAGGCACAAATCCCATCAG","TCAGAGGACCACTGCCTAAGGAATTCACTCACGGAGCATACATATATAAGTATATGCTCTATCTCTATCTATCATTATCTATCTACCTGCCTACCTATCTATTGATTATCTATATCTATCTGTCTATCTATCTATCTATCATCTATCTATCTATCTATCTATCTATCATCTATCTATCTATCTTTAAGATGGCTTAAGGATGGCCACCTTCTTGCTATGTCCTTGTGTGGCTGTGAAAAGAAGCTCTGGTGTTTCTTGCTCTTCTTATATAGGCACAAATCCCATCAG"
"Ch-19","D","TCAGAGGACCACTGCCTAAGGAATTCACTCACGGAGCATACATATATAAGTATATGCTCTATCTCTATCTATCATTATCTATCTACCTGCCTACCTATCTATTGATTATCTATATCTATCTGTCTATCTATCTATTATCTATCTATCTATCTATCTATCTATCTATCTATCTATCTATCTTTAAGATGGCTTAAGGATGGCCACCTTCTTGCTATGTCCTTGTGTGGCTGTGAAAAGAAGCTCTGGTGTTTCTTGCTCTTCTTATATAGGCACAAATCCCATCAG","TCAGAGGACCACTGCCTAAGGAATTCACTCACGGAGCATACATATATAAGTATATGCTCTATCTCTATCTATCATTATCTATCTACCTGCCTACCTATCTATTGATTATCTATATCTATCTGTCTATCTATCTATCTATCATCTATCTATCTATCTATCTATCTATCATCTATCTATCTATCTTTAAGATGGCTTAAGGATGGCCACCTTCTTGCTATGTCCTTGTGTGGCTGTGAAAAGAAGCTCTGGTGTTTCTTGCTCTTCTTATATAGGCACAAATCCCATCAG"
"Ch-51","D","TCAGAGGACCACTGCCTAAGGAATTCACTCACGGAGCATACATATATAAGTATATGCTCTATCTCTATCTATCATTATCTATCTACCTGCCTACCTATCTATTGATTATCTATATCTATCTGTCTATCTATCTATTATCTATCTATCTATCTATCTATCTATCTATCTATCTATCTATCTTTAAGATGGCTTAAGGATGGCCACCTTCTTGCTATGTCCTTGTGTGGCTGTGAAAAGAAGCTCTGGTGTTTCTTGCTCTTCTTATATAGGCACAAATCCCATCAG","TCAGAGGACCACTGCCTAAGGAATTCACTCACGGAGCATACATATATAAGTATATGCTCTATCTCTATCTATCATTATCTATCTACCTGCCTACCTATCTATTGATTATCTATATCTATCTGTCTATCTATCTATCTATCATCTATCTATCTATCTATCTATCTATCATCTATCTATCTATCTTTAAGATGGCTTAAGGATGGCCACCTTCTTGCTATGTCCTTGTGTGGCTGTGAAAAGAAGCTCTGGTGTTTCTTGCTCTTCTTATATAGGCACAAATCCCATCAG"
"Ch-26","D","TCAGAGGACCACTGCCTAAGGAATTCACTCACGGAGCATACATATATAAGTATATGCTCTATCTCTATCTATCATTATCTATCTACCTGCCTACCTATCTATTGATTATCTATATCTATCTGTCTATCTATCTATCTATTATCTATCTATCTATCTATCTATCTATCTATCTATCTATCTATCTATCTATCTTTAAGATGGCTTAAGGATGGCCACCTTCTTGCTATGTCCTTGTGTGGCTGTGAAAAGAAGCTCTGGTGTTTCTTGCTCTTCTTATATAGGCACAAATCCCATCAG","TCAGAGGACCACTGCCTAAGGAATTCACTCACGGAGCATACATATATAAGTATATGCTCTATCTCTATCTATCATTATCTATCTACCTGCCTACCTATCTATTGATTATCTATATCTATCTGTCTATCTATCTATCTATTATCTATCTATCTATCTATCTATCTATCTATCTATCTATCTATCTATCTATCTATCTTTAAGATGGCTTAAGGATGGCCACCTTCTTGCTATGTCCTTGTGTGGCTGTGAAAAGAAGCTCTGGTGTTTCTTGCTCTTCTTATATAGGCACAAATCCCATCAG"
"Ch-54","D","TCAGAGGACCACTGCCTAAGGAATTCACTCACGGAGCATACATATATAAGTATATGCTCTATCTCTATCTATCATTATCTATCTACCTGCCTACCTATCTATTGATTATCTATATCTATCTGTCTATCTATCTATCTATTATCTATCTATCTATCTATCTATCTAAGATGGCTTAAGGATGGCCACCTTCTTGCTATGTCCTTGTGTGGCTGTGAAAAGAAGCTCTGGTGTTTCTTGCTCTTCTTATATAGGCACAAATCCCATCAG","TCAGAGGACCACTGCCTAAGGAATTCACTCACGGAGCATAGATATATAAGTATATGCTCTATCTCTATCTATCATTATCTATCTACCTGCCTACCTATCTATTGATTATCTATATCTATCTATCTATCTATCTATCATCTATCTATCTATCTATCTATCTATCATCTATCTATCTATCTTTAAGATGGCTTAAGGATGGCCACCTTCTTGCTATGTCCTTGTGTGGCTGTGAAAAGAAGCTCTGGTGTTTCTTGCTCTTCTTATATAGGCACAAATCCCATCAG"
"Ch-4","D","TCAGAGGACCACTGCCTAAGGAATTCACTCACGGAGCATAGATATATAAGTATATGCTCTATCTCTATCTATCATTATCTATCTACCTGCCTACCTATCTATTGATTATCTATATCTATCTATCTATCTATCTATCATCTATCTATCTATCTATCTATCTATCATCTATCTATCTATCTTTAAGATGGCTTAAGGATGGCCACCTTCTTGCTATGTCCTTGTGTGGCTGTGAAAAGAAGCTCTGGTGTTTCTTGCTCTTCTTATATAGGCACAAATCCCATCAG","TCAGAGGACCACTGCCTAAGGAATTCACTCACGGAGCATACATATATAAGTATATGCTCTATCTCTATCTATCATTATCTATCTACCTGCCTACCTATCTATTGATTATCTATATCTATCTGTCTATCTATCTATCTATCATCTATCTATCTATCTATCTATCTATCTATCATCTATCTATCTATCTATCTTTAAGATGGCTTAAGGATGGCCACCTTCTTGCTATGTCCTTGTGTGGCTGTGAAAAGAAGCTCTGGTGTTTCTTGCTCTTCTTATATAGGCACAAATCCCATCAG"
"Ch-48","D","TCAGAGGACCACTGCCTAAGGAATTCACTCACGGAGCATACATATATAAGTATATGCTCTATCTCTATCTATCATTATCTATCTACCTGCCTACCTATCTATTGATTATCTATATCTATCTGTCTATCTATCTATCTATTATCTATCTATCTATCTATCTATCTAAGATGGCTTAAGGATGGCCACCTTCTTGCTATGTCCTTGTGTGGCTGTGAAAAGAAGCTCTGGTGTTTCTTGCTCTTCTTATATAGGCACAAATCCCATCAG","TCAGAGGACCACTGCCTAAGGAATTCACTCACGGAGCATACATATATAAGTATATGCTCTATCTCTATCTATCATTATCTATCTACCTGCCTACCTATCTATTGATTATCTATATCTATCTGTCTATCTATCTATTATCTATCTATCTATCTATCTATCTATCTATCTATCTATCTATCTTTAAGATGGCTTAAGGATGGCCACCTTCTTGCTATGTCCTTGTGTGGCTGTGAAAAGAAGCTCTGGTGTTTCTTGCTCTTCTTATATAGGCACAAATCCCATCAG"
"Ch-53","D","TCAGAGGACCACTGCCTAAGGAATTCACTCACGGAGCATACATATATAAGTATATGCTCTATCTCTATCTATCATTATCTATCTACCTGCCTACCTATCTATTGATTATCTATATCTATCTGTCTATCTATCTATCTATCATCTATCTATCTATCTATCTATCTATCATCTATCTATCTATCTTTAAGATGGCTTAAGGATGGCCACCTTCTTGCTATGTCCTTGTGTGGCTGTGAAAAGAAGCTCTGGTGTTTCTTGCTCTTCTTATATAGGCACAAATCCCATCAG","TCAGAGGACCACTGCCTAAGGAATTCACTCACGGAGCATACATATATAAGTATATGCTCTATCTCTATCTATCATTATCTATCTACCTGCCTACCTATCTATTGATTATCTATATCTATCTGTCTATCTATCTATCTATTATCTATCTATCTATCTATCTATCTATCTATCTATCTATCTATCTATCTATCTTTAAGATGGCTTAAGGATGGCCACCTTCTTGCTATGTCCTTGTGTGGCTGTGAAAAGAAGCTCTGGTGTTTCTTGCTCTTCTTATATAGGCACAAATCCCATCAG"
"Ch-18","D","TCAGAGGACCACTGCCTAAGGAATTCACTCACGGAGCATAGATATATAAGTATATGCTCTATCTCTATCTATCATTATCTATCTACCTGCCTACCTATCTATTGATTATCTATATCTATCTATCTATCTATCTATCATCTATCTATCTATCTATCTATCTATCATCTATCTATCTATCTTTAAGATGGCTTAAGGATGGCCACCTTCTTGCTATGTCCTTGTGTGGCTGTGAAAAGAAGCTCTGGTGTTTCTTGCTCTTCTTATATAGGCACAAATCCCATCAG","TCAGAGGACCACTGCCTAAGGAATTCACTCACGGAGCATACATATATAAGTATATGCTCTATCTCTATCTATCATTATCTATCTACCTGCCTACCTATCTATTGATTATCTATATCTATCTGTCTATCTATCTATCTATCATCTATCTATCTATCTATCTATCTATCATCTATCTATCTATCTTTAAGATGGCTTAAGGATGGCCACCTTCTTGCTATGTCCTTGTGTGGCTGTGAAAAGAAGCTCTGGTGTTTCTTGCTCTTCTTATATAGGCACAAATCCCATCAG"
"Ch-67","D","TCAGAGGACCACTGCCTAAGGAATTCACTCACGGAGCATACATATATAAGTATATGCTCTATCTCTATCTATCATTATCTATCTACCTGCCTACCTATCTATTGATTATCTATATCTATCTGTCTATCTATCTATCTATTATCTATCTATCTATCTATCTATCTAAGATGGCTTAAGGATGGCCACCTTCTTGCTATGTCCTTGTGTGGCTGTGAAAAGAAGCTCTGGTGTTTCTTGCTCTTCTTATATAGGCACAAATCCCATCAG","TCAGAGGACCACTGCCTAAGGAATTCACTCACGGAGCATACATATATAAGTATATGCTCTATCTCTATCTATCATTATCTATCTACCTGCCTACCTATCTATTGATTATCTATATCTATCTGTCTATCTATCTATCTATTATCTATCTATCTATCTATCTATCTATCTATCTATCTATCTATCTTTAAGATGGCTTAAGGATGGCCACCTTCTTGCTATGTCCTTGTGTGGCTGTGAAAAGAAGCTCTGGTGTTTCTTGCTCTTCTTATATAGGCACAAATCCCATCAG"
"Ch-3","D","TCAGAGGACCACTGCCTAAGGAATTCACTCACGGAGCATAGATATATAAGTATATGCTCTATCTCTATCTATCATTATCTATCTACCTGCCTACCTATCTATTGATTATCTATATCTATCTATCTATCTATCTATCATCTATCTATCTATCTATCTATCTATCATCTATCTATCTATCTTTAAGATGGCTTAAGGATGGCCACCTTCTTGCTATGTCCTTGTGTGGCTGTGAAAAGAAGCTCTGGTGTTTCTTGCTCTTCTTATATAGGCACAAATCCCATCAG","TCAGAGGACCACTGCCTAAGGAATTCACTCACGGAGCATACATATATAAGTATATGCTCTATCTCTATCTATCATTATCTATCTACCTGCCTACCTATCTATTGATTATCTATATCTATCTGTCTATCTATCTATTATCTATCTATCTATCTATCTATCTATCTATCTATCTATCTATCTTTAAGATGGCTTAAGGATGGCCACCTTCTTGCTATGTCCTTGTGTGGCTGTGAAAAGAAGCTCTGGTGTTTCTTGCTCTTCTTATATAGGCACAAATCCCATCAG"
"Ch-44","1","AGACAGTCAAGAATAACTGCCCTAAAATAATAAGAAAGCTGAATCAATTAATTGGAATGTCTATCTCACTATCTATCTATGTGTCTATCTATCTATCTATCTATCATCTATCATCTATCTATCTATCTATCTATCTATCTATCTATCTATCTATCTATCTGTGTATTAGCTCAGAAGAATTCCCTTTGGAAATTGTCATGTTATCCCATTCATTCAGCTTTTGAGCCACAG","AGACAGTCAAGAATAACTGCCCTAAAATAATAAGAAAGCTGAATCAATTAATTGGAATGTCTATCTCACTATCTATCTATGTGTCTATCTATCTATCTATCTATCTATCTATCTATCTATCTATCTATCTATCTATCATCTATCATCTATCTATCTATCTATCTATCTATCTATCTATCTATCTATCTGTGTATTAGCTCAGAAGAATTCCCTTTGGAAATTGTCATGTTATCCCATTCATTCAGCTTTTGAGCCACAG"
"Ch-58","1","AGACAGTCAAGAATAACTGCCCTAAAATAATAAGAAAGCTGAATCAATTAATTGGAATGTCTATCTCACTATCTATCTATGTGTCTATCTATCTATCTATCTATCATCTATCATCTATCTATCTATCTATCTATCTATCTATCTATCTATCTATCTATCTGTGTATTAGCTCAGAAGAATTCCCTTTGGAAATTGTCATGTTATCCCATTCATTCAGCTTTTGAGCCACAG","AGACAGTCAAGAATAACTGCCCTAAAATAATAAGAAAGCTGAATCAATTAATTGGAATGTCTATCTCACTATCTATCTATGTGTCTATCTATCTATCTATCTATCTATCTATCTATCTATCTATCTATCATCTATCATCTATCTATCTATCTATCTATCTATCTATCTATCTATCTATCATCTATCTATCTGTGTATTAGCTCAGAAGAATTCCCTTTGGAAATTGTCATGTTATCCCATTCATTCAGCTTTTGAGCCACAG"
"Ch-19","1","AGACAGTCAAGAATAACTGCCCTAAAATAATAAGAAAGCTGAATCAATTAATTGGAATGTCTATCTCACTATCTATCTATGTGTCTATCTATCTATCTATCTATCTATCTATCTATCTATCTATCTATCATCTATCATCTATCTATCTATCTATCTATCTATCTATCTATCTATCTATCTGTGTATTAGCTCAGAAGAATTCCCTTTGGAAATTGTCATGTTATCCCATTCATTCAGCTTTTGAGCCACAG","AGACAGTCAAGAATAACTGCCCTAAAATAATAAGAAAGCTGAATCAATTAATTGGAATGTCTATCTCACTATCTATCTATGTGTCTATCTATCTATCTATCTATCTATCTATCTATCTATCTATCTATCTATCATCTATCATCTATCTATCTATCTATCTATCTATCTATCTATCTATCTATCTGTGTATTAGCTCAGAAGAATTCCCTTTGGAAATTGTCATGTTATCCCATTCATTCAGCTTTTGAGCCACAG"
"Ch-51","1","AGACAGTCAAGAATAACTGCCCTAAAATAATAAGAAAGCTGAATCAATTAATTGGAATGTCTATCTCACTATCTATCTATGTGTCTATCTATCTATCTATCTATCATCTATCATCTATCTATCTATCTATCTATCTATCTATCTATCTATCTATCTATCTGTGTATTAGCTCAGAAGAATTCCCTTTGGAAATTGTCATGTTATCCCATTCATTCAGCTTTTGAGCCACAG","AGACAGTCAAGAATAACTGCCCTAAAATAATAAGAAAGCTGAATCAATTAATTGGAATGTCTATCTCACTATCTATCTATGTGTCTATCTATCTATCTATCTATCTATCTATCTATCTATCTATCATCTATCATCTATCTATCTATCTATCTATCTATCTATCTATCTATCTATCATCTATCTATCTGTGTATTAGCTCAGAAGAATTCCCTTTGGAAATTGTCATGTTATCCCATTCATTCAGCTTTTGAGCCACAG"
"Ch-26","1","AGACAGTCAAGAATAACTGCCCTAAAATAATAAGAAAGCTGAATCAATTAATTGGAATGTCTATCTCACTATCTATCTATGTGTCTATCTATCTATCTATCTATCTATCTATCTATCTATCTATCTATCATCTATCATCTATCTATCTATCTATCTATCTATCTATCTATCTATCTATCTGTGTATTAGCTCAGAAGAATTCCCTTTGGAAATTGTCATGTTATCCCATTCATTCAGCTTTTGAGCCACAG","AGACAGTCAAGAATAACTGCCCTAAAATAATAAGAAAGCTGAATCAATTAATTGGAATGTCTATCTCACTATCTATCTATGTGTCTATCTATCTATCTATCTATCTATCTATCTATCTATCTATCTATCTATCATCTATCATCTATCTATCTATCTATCTATCTATCTATCTATCTATCTATCTGTGTATTAGCTCAGAAGAATTCCCTTTGGAAATTGTCATGTTATCCCATTCATTCAGCTTTTGAGCCACAG"
"Ch-54","1","AGACAGTCAAGAATAACTGCCCTAAAATAATAAGAAAGCTGAATCAATTAATTGGAATGTCTATCTCACTATCTATCTATGTGTCTATCTATCTATCTATCTATCATCTATCATCTATCTATCTATCTATCTATCTATCTATCTATCTATCTATCTATCTGTGTATTAGCTCAGAAGAATTCCCTTTGGAAATTGTCATGTTATCCCATTCATTCAGCTTTTGAGCCACAG","AGACAGTCAAGAATAACTGCCCTAAAATAATAAGAAAGCTGAATCAATTAATTGGAATGTCTATCTCACTATCTATCTATGTGTCTATCTATCTATCTATCTATCTATCTATCTATCTATCTATCTATCTATCATCTATCATCTATCTATCTATCTATCTATCTATCTATCTATCTATCTATCTGTGTATTAGCTCAGAAGAATTCCCTTTGGAAATTGTCATGTTATCCCATTCATTCAGCTTTTGAGCCACAG"
"Ch-4","1","AGACAGTCAAGAATAACTGCCCTAAAATAATAAGAAAGCTGAATCAATTAATTGGAATGTCTATCTCACTATCTATCTATGTGTCTATCTATCTATCTATCTATCTATCTATCTATCTATCTATCTATCATCTATCATCTATCTATCTATCTATCTATCTATCTATCTATCTATCTATCTGTGTATTAGCTCAGAAGAATTCCCTTTGGAAATTGTCATGTTATCCCATTCATTCAGCTTTTGAGCCACAG","AGACAGTCAAGAATAACTGCCCTAAAATAATAAGAAAGCTGAATCAATTAATTGGAATGTCTATCTCACTATCTATCTATGTGTCTATCTATCTATCTATCTATCTATCTATCTATCTATCTATCTATCATCTATCATCTATCTATCTATCTATCTATCTATCTATCTATCTATCTATCATCTATCTATCTGTGTATTAGCTCAGAAGAATTCCCTTTGGAAATTGTCATGTTATCCCATTCATTCAGCTTTTGAGCCACAG"
"Ch-48","1","AGACAGTCAAGAATAACTGCCCTAAAATAATAAGAAAGCTGAATCAATTAATTGGAATGTCTATCTCACTATCTATCTATGTGTCTATCTATCTATCTATCTATCTATCTATCTATCTATCTATCTATCATCTATCATCTATCTATCTATCTATCTATCTATCTATCTATCTATCTATCTGTGTATTAGCTCAGAAGAATTCCCTTTGGAAATTGTCATGTTATCCCATTCATTCAGCTTTTGAGCCACAG","AGACAGTCAAGAATAACTGCCCTAAAATAATAAGAAAGCTGAATCAATTAATTGGAATGTCTATCTCACTATCTATCTATGTGTCTATCTATCTATCTATCTATCTATCTATCTATCTATCTATCTATCATCTATCATCTATCTATCTATCTATCTATCTATCTATCTATCTATCTATCATCTATCTATCTGTGTATTAGCTCAGAAGAATTCCCTTTGGAAATTGTCATGTTATCCCATTCATTCAGCTTTTGAGCCACAG"
"Ch-53","1","AGACAGTCAAGAATAACTGCCCTAAAATAATAAGAAAGCTGAATCAATTAATTGGAATGTCTATCTCACTATCTATCTATGTGTCTATCTATCTATCTATCTATCTATCTATCTATCTATCTATCTATCATCTATCATCTATCTATCTATCTATCTATCTATCTATCTATCTATCTATCTGTGTATTAGCTCAGAAGAATTCCCTTTGGAAATTGTCATGTTATCCCATTCATTCAGCTTTTGAGCCACAG","AGACAGTCAAGAATAACTGCCCTAAAATAATAAGAAAGCTGAATCAATTAATTGGAATGTCTATCTCACTATCTATCTATGTGTCTATCTATCTATCTATCTATCTATCTATCTATCTATCTATCTATCTATCATCTATCATCTATCTATCTATCTATCTATCTATCTATCTATCTATCTATCTGTGTATTAGCTCAGAAGAATTCCCTTTGGAAATTGTCATGTTATCCCATTCATTCAGCTTTTGAGCCACAG"
"Ch-18","1","AGACAGTCAAGAATAACTGCCCTAAAATAATAAGAAAGCTGAATCAATTAATTGGAATGTCTATCTCACTATCTATCTATGTGTCTATCTATCTATCTATCTATCTATCTATCTATCTATCTATCTATCATCTATCATCTATCTATCTATCTATCTATCTATCTATCTATCTATCTATCATCTATCTATCTGTGTATTAGCTCAGAAGAATTCCCTTTGGAAATTGTCATGTTATCCCATTCATTCAGCTTTTGAGCCACAG",
"Ch-67","1","AGACAGTCAAGAATAACTGCCCTAAAATAATAAGAAAGCTGAATCAATTAATTGGAATGTCTATCTCACTATCTATCTATGTGTCTATCTATCTATCTATCTATCTATCTATCTATCTATCTATCTATCATCTATCATCTATCTATCTATCTATCTATCTATCTATCTATCTATCTATCATCTATCTATCTGTGTATTAGCTCAGAAGAATTCCCTTTGGAAATTGTCATGTTATCCCATTCATTCAGCTTTTGAGCCACAG",
"Ch-3","1","AGACAGTCAAGAATAACTGCCCTAAAATAATAAGAAAGCTGAATCAATTAATTGGAATGTCTATCTCACTATCTATCTATGTGTCTATCTATCTATCTATCTATCTATCTATCTATCTATCTATCTATCATCTATCATCTATCTATCTATCTATCTATCTATCTATCTATCTATCTATCTGTGTATTAGCTCAGAAGAATTCCCTTTGGAAATTGTCATGTTATCCCATTCATTCAGCTTTTGAGCCACAG",
"Ch-44","2","CTTTGTCTCCCCAGTTGCTACTTCACTCCATCATTTGCTTGATCGATCGAGCTATCTATCTATCTATCTATCTATCTATCTATCTATCTATCTATCCATCCATCCATCCATCCATCTATTCATCCATCCATCTATTAATATCATCTATGTATCAAATGCTTCCAAATACATAATATACATGATACAGTCAGAAAAAGCAGAAAGTTTAAAGATTGAGTGTGATTATAGACATATCTATCTATTCAGAAACAAAATGGATTCAGAATCATTACAACTCTCACTGTGTAGTGGAATTGATTAGTTGCAGACGGTTTATGACAGA",
"Ch-58","2","CTTTGTCTCCCCAGTTGCTACTTCACTCCATCATTTGCTTGATCGATCGAGCTATCTATCTATCTATCTATCTATCTATCTATCTATCTATCTATCTATCTATCTATCCATCCATCCATCCATCCATCCATCTATTCATCCATCCATCTATTAATATCATCTATGTATCAAATGCTTCCAAATACATAATATACATGATACAGTCAGAAAAAGCAGAAAGTTTAAAGATTGAGTGTGATTATAGACATATCTATCTATTCAGAAACAAAATGGATTCAGAATCATTACAACTCTCACTGTGTAGTGGAATTGATTAGTTGCAGACGGTTTATGACAGA",
"Ch-19","2","CTTTGTCTCCCCAGTTGCTACTTCACTCCATCATTTGCTTGATCGATCGAGCTATCTATCTATCTATCTATCTATCTATCTATCTATCTATCCATCCATCCATCCATCCATCTATTCATCCATCCATCTATTAATATCATCTATGTATCAAATGCTTCCAAATACATAATATACATGATACAGTCAGAAAAAGCAGAAAGTTTAAAGATTGAGTGTGATTATAGACATATCTATCTATTCAGAAACAAAATGGATTCAGAATCATTACAACTCTCACTGTGTAGTGGAATTGATTAGTTGCAGACGGTTTATGACAGA","CTTTGTCTCCCCAGTTGCTACTTCACTCCATCATTTGCTTGATCGATCGAGCTATCTATCTATCTATCTATCTATCTATCTATCTATCTATCTATCCATCCATCCATCCATCCATCTATTCATCCATCCATCTATTAATATCATCTATGTATCAAATGCTTCCAAATACATAATATACATGATACAGTCAGAAAAAGCAGAAAGTTTAAAGATTGAGTGTGATTATAGACATATCTATCTATTCAGAAACAAAATGGATTCAGAATCATTACAACTCTCACTGTGTAGTGGAATTGATTAGTTGCAGACGGTTTATGACAGA"
"Ch-51","2","CTTTGTCTCCCCAGTTGCTACTTCACTCCATCATTTGCTTGATCGATCGAGCTATCTATCTATCTATCTATCTATCTATCTATCTATCTATCCATCCATCCATCCATCCATCTATTCATCCATCCATCTATTAATATCATCTATGTATCAAATGCTTCCAAATACATAATATACATGATACAGTCAGAAAAAGCAGAAAGTTTAAAGATTGAGTGTGATTATAGACATATCTATCTATTCAGAAACAAAATGGATTCAGAATCATTACAACTCTCACTGTGTAGTGGAATTGATTAGTTGCAGACGGTTTATGACAGA",
"Ch-26","2","CTTTGTCTCCCCAGTTGCTACTTCACTCCATCATTTGCTTGATCGATCGAGCTATCTATCTATCTATCTATCTATCTATCTATCTATCTATCTATCTATCCATCCATCCATCCATCCATCCATCTATTCATCCATCCATCTATTAATATCATCTATGTATCAAATGCTTCCAAATACATAATATACATGATACAGTCAGAAAAAGCAGAAAGTTTAAAGATTGAGTGTGATTATAGACATATCTATCTATTCAGAAACAAAATGGATTCAGAATCATTACAACTCTCACTGTGTAGTGGAATTGATTAGTTGCAGACGGTTTATGACAGA","CTTTGTCTCCCCAGTTGCTACTTCACTCCATCATTTGCTTGATCGATCGAGCTATCTATCTATCTATCTATCTATCTATCTATCTATCTATCTATCTATCTATCTATCCATCCATCCATCCATCCATCCATCTATTCATCCATCCATCTATTAATATCATCTATGTATCAAATGCTTCCAAATACATAATATACATGATACAGTCAGAAAAAGCAGAAAGTTTAAAGATTGAGTGTGATTATAGACATATCTATCTATTCAGAAACAAAATGGATTCAGAATCATTACAACTCTCACTGTGTAGTGGAATTGATTAGTTGCAGACGGTTTATGACAGA"
"Ch-54","2","CTTTGTCTCCCCAGTTGCTACTTCACTCCATCATTTGCTTGATCGATCGAGCTATCTATCTATCTATCTATCTATCTATCTATCTATCTATCTATCCATCCATCCATCCATCCATCTATTCATCCATCCATCTATTAATATCATCTATGTATCAAATGCTTCCAAATACATAATATACATGATACAGTCAGAAAAAGCAGAAAGTTTAAAGATTGAGTGTGATTATAGACATATCTATCTATTCAGAAACAAAATGGATTCAGAATCATTACAACTCTCACTGTGTAGTGGAATTGATTAGTTGCAGACGGTTTATGACAGA","CTTTGTCTCCCCAGTTGCTACTTCACTCCATCATTTGCTTGATCGATCGAGCTATCTATCTATCTATCTATCTATCTATCTATCTATCTATCTATCTATCCATCCATCCATCCATCCATCTATTCATCCATCCATCTATTAATATCATCTATGTATCAAATGCTTCCAAATACATAATATACATGATACAGTCAGAAAAAGCAGAAAGTTTAAAGATTGAGTGTGATTATAGACATATCTATCTATTCAGAAACAAAATGGATTCAGAATCATTACAACTCTCACTGTGTAGTGGAATTGATTAGTTGCAGACGGTTTATGACAGA"
"Ch-4","2","CTTTGTCTCCCCAGTTGCTACTTCACTCCATCATTTGCTTGATCGATCGAGCTATCTATCTATCTATCTATCTATCTATCTATCTATCTATCCATCCATCCATCCATCCATCTATTCATCCATCCATCTATTAATATCATCTATGTATCAAATGCTTCCAAATACATAATATACATGATACAGTCAGAAAAAGCAGAAAGTTTAAAGATTGAGTGTGATTATAGACATATCTATCTATTCAGAAACAAAATGGATTCAGAATCATTACAACTCTCACTGTGTAGTGGAATTGATTAGTTGCAGACGGTTTATGACAGA","CTTTGTCTCCCCAGTTGCTACTTCACTCCATCATTTGCTTGATCGATCGAGCTATCTATCTATCTATCTATCTATCTATCTATCTATCTATCTATCTATCCATCCATCCATCCATCCATCTATTCATCCATCCATCTATTAATATCATCTATGTATCAAATGCTTCCAAATACATAATATACATGATACAGTCAGAAAAAGCAGAAAGTTTAAAGATTGAGTGTGATTATAGACATATCTATCTATTCAGAAACAAAATGGATTCAGAATCATTACAACTCTCACTGTGTAGTGGAATTGATTAGTTGCAGACGGTTTATGACAGA"
"Ch-48","2","CTTTGTCTCCCCAGTTGCTACTTCACTCCATCATTTGCTTGATCGATCGAGCTATCTATCTATCTATCTATCTATCTATCTATCTATCTATCTATCCATCCATCCATCCATCCATCCATCTATTCATCCATCCATCTATTAATATCATCTATGTATCAAATGCTTCCAAATACATAATATACATGATACAGTCAGAAAAAGCAGAAAGTTTAAAGATTGAGTGTGATTATAGACATATCTATCTATTCAGAAACAAAATGGATTCAGAATCATTACAACTCTCACTGTGTAGTGGAATTGATTAGTTGCAGACGGTTTATGACAGA","CTTTGTCTCCCCAGTTGCTACTTCACTCCATCATTTGCTTGATCGATCGAGCTATCTATCTATCTATCTATCTATCTATCTATCTATCTATCTATCTATCCATCCATCCATCCATCCATCTATTCATCCATCCATCTATTAATATCATCTATGTATCAAATGCTTCCAAATACATAATATACATGATACAGTCAGAAAAAGCAGAAAGTTTAAAGATTGAGTGTGATTATAGACATATCTATCTATTCAGAAACAAAATGGATTCAGAATCATTACAACTCTCACTGTGTAGTGGAATTGATTAGTTGCAGACGGTTTATGACAGA"
"Ch-18","2","CTTTGTCTCCCCAGTTGCTACTTCACTCCATCATTTGCTTGATCGATCGAGCTATCTATCTATCTATCTATCTATCTATCTATCTATCTATCTATCCATCCATCCATCCATCCATCTATTCATCCATCCATCTATTAATATCATCTATGTATCAAATGCTTCCAAATACATAATATACATGATACAGTCAGAAAAAGCAGAAAGTTTAAAGATTGAGTGTGATTATAGACATATCTATCTATTCAGAAACAAAATGGATTCAGAATCATTACAACTCTCACTGTGTAGTGGAATTGATTAGTTGCAGACGGTTTATGACAGA","CTTTGTCTCCCCAGTTGCTACTTCACTCCATCATTTGCTTGATCGATCGAGCTATCTATCTATCTATCTATCTATCTATCTATCTATCTATCTATCCATCCATCCATCCATCCATCCATCTATTCATCCATCCATCTATTAATATCATCTATGTATCAAATGCTTCCAAATACATAATATACATGATACAGTCAGAAAAAGCAGAAAGTTTAAAGATTGAGTGTGATTATAGACATATCTATCTATTCAGAAACAAAATGGATTCAGAATCATTACAACTCTCACTGTGTAGTGGAATTGATTAGTTGCAGACGGTTTATGACAGA"
"Ch-67","2","CTTTGTCTCCCCAGTTGCTACTTCACTCCATCATTTGCTTGATCGATCGAGCTATCTATCTATCTATCTATCTATCTATCTATCTATCTATCTATCCATCCATCCATCCATCCATCTATTCATCCATCCATCTATTAATATCATCTATGTATCAAATGCTTCCAAATACATAATATACATGATACAGTCAGAAAAAGCAGAAAGTTTAAAGATTGAGTGTGATTATAGACATATCTATCTATTCAGAAACAAAATGGATTCAGAATCATTACAACTCTCACTGTGTAGTGGAATTGATTAGTTGCAGACGGTTTATGACAGA",
"Ch-44","3","AGCATTAGCATTTGTCCTGGTTTTATCATATTGCAGACAAAGGAAGTTTGAAATATTGCTTAAGACTTTCCCTGAGATAGATAGATAGATAGATAGATAGATAGATAGATAGATAGATAGATGATAGATAGATAGATAGATAGATAGATATAGAGATATAGACATATATACTTTATGTTTCTTTGTTGTTTGTGTTTTTCAGGAGGGGGAGTCAGGTTAGTC",
"Ch-58","3","AGCATTAGCATTTGTCCTGGTTTTATCATATTGCAGACAAAGGAAGTTTGAAATATTGCTTAAGACTTTCCCTGAGATAGATAGATAGATAGATAGATAGATAGATAGATAGATAGATAGATGATAGATAGATAGATAGATAGATAGATATAGAGATATAGACATATATACTTTATGTTTCTTTGTTGTTTGTGTTTTTCAGGAGGGGGAGTCAGGTTAGTC",
"Ch-19","3","AGCATTAGCATTTGTCCTGGTTTTATCATATTGCAGACAAAGGAAGTTTGAAATATTGCTTAAGACTTTCCCTGAGATAGATAGATAGATAGATAGATAGATAGATAGATAGATAGATAGATGATAGATAGATAGATAGATAGATAGATATAGAGATATAGACATATATACTTTATGTTTCTTTGTTGTTTGTGTTTTTCAGGAGGGGGAGTCAGGTTAGTC","AGCATTAGCATTTGTCCTGGTTTTATCATATTGCAGACAAAGGAAGTTTGAAATATTGCTTAAGACTTTCCCTGAGATAGATAGATAGATAGATAGATAGATAGATAGATAGATAGATAGATGATAGATAGATAGATAGATAGATAGATAGATAGATAGATATAGAGATATAGACATATATACTTTATGTTTCTTTGTTGTTTGTGTTTTTCAGGAGGGGGAGTCAGGTTAGTC"
"Ch-51","3","AGCATTAGCATTTGTCCTGGTTTTATCATATTGCAGACAAAGGAAGTTTGAAATATTGCTTAAGACTTTCCCTGAGATAGATAGATAGATAGATAGATAGATAGATAGATAGATAGATAGATGATAGATAGATAGATAGATAGATAGATATAGAGATATAGACATATATACTTTATGTTTCTTTGTTGTTTGTGTTTTTCAGGAGGGGGAGTCAGGTTAGTC",
"Ch-26","3","AGCATTAGCATTTGTCCTGGTTTTATCATATTGCAGACAAAGGAAGTTTGAAATATTGCTTAAGACTTTCCCTGAGATAGATAGATAGATAGATAGATAGATAGATAGATAGATAGATAGATGATAGATAGATAGATAGATAGATAGATATAGAGATATAGACATATATACTTTATGTTTCTTTGTTGTTTGTGTTTTTCAGGAGGGGGAGTCAGGTTAGTC",
"Ch-54","3","AGCATTAGCATTTGTCCTGGTTTTATCATATTGCAGACAAAGGAAGTTTGAAATATTGCTTAAGACTTTCCCTGAGATAGATAGATAGATAGATAGATAGATAGATAGATAGATAGATAGATGATAGATAGATAGATAGATAGATAGATATAGAGATATAGACATATATACTTTATGTTTCTTTGTTGTTTGTGTTTTTCAGGAGGGGGAGTCAGGTTAGTC",
"Ch-4","3","AGCATTAGCATTTGTCCTGGTTTTATCATATTGCAGACAAAGGAAGTTTGAAATATTGCTTAAGACTTTCCCTGAGATAGATAGATAGATAGATAGATAGATAGATAGATAGATAGATAGATGATAGATAGATAGATAGATAGATAGATATAGAGATATAGACATATATACTTTATGTTTCTTTGTTGTTTGTGTTTTTCAGGAGGGGGAGTCAGGTTAGTC","AGCATTAGCATTTGTCCTGGTTTTATCATATTGCAGACAAAGGAAGTTTGAAATATTGCTTAAGACTTTCCCTGAGATAGATAGATAGATAGATAGATAGATAGATAGATAGATAGATAGATGATAGATAGATAGATAGATAGATAGATAGATAGATAGATATAGAGATATAGACATATATACTTTATGTTTCTTTGTTGTTTGTGTTTTTCAGGAGGGGGAGTCAGGTTAGTC"
"Ch-48","3","AGCATTAGCATTTGTCCTGGTTTTATCATATTGCAGACAAAGGAAGTTTGAAATATTGCTTAAGACTTTCCCTGAGATAGATAGATAGATAGATAGATAGATAGATAGATAGATAGATAGATGATAGATAGATAGATAGATAGATAGATATAGAGATATAGACATATATACTTTATGTTTCTTTGTTGTTTGTGTTTTTCAGGAGGGGGAGTCAGGTTAGTC",
"Ch-53","3","AGCATTAGCATTTGTCCTGGTTTTATCATATTGCAGACAAAGGAAGTTTGAAATATTGCTTAAGACTTTCCCTGAGATAGATAGATAGATAGATAGATAGATAGATAGATAGATAGATAGATGATAGATAGATAGATAGATAGATAGATATAGAGATATAGACATATATACTTTATGTTTCTTTGTTGTTTGTGTTTTTCAGGAGGGGGAGTCAGGTTAGTC","AGCATTAGCATTTGTCCTGGTTTTATCATATTGCAGACAAAGGAAGTTTGAAATATTGCTTAAGACTTTCCCTGAGATAGATAGATAGATAGATAGATAGATAGATAGATAGATAGATAGATGATAGATAGATAGATAGATAGATAGATATAGAGATATAGACATATATACTTTATGTTTTTTTGTTGTTTGTGTTTTTCAGGAGGGGGAGTCAGGTTAGTC"
"Ch-18","3","AGCATTAGCATTTGTCCTGGTTTTATCATATTGCAGACAAAGGAAGTTTGAAATATTGCTTAAGACTTTCCCTGAGATAGATAGATAGATAGATAGATAGATAGATAGATAGATAGATAGATGATAGATAGATAGATAGATAGATAGATATAGAGATATAGACATATATACTTTATGTTTCTTTGTTGTTTGTGTTTTTCAGGAGGGGGAGTCAGGTTAGTC","AGCATTAGCATTTGTCCTGGTTTTATCATATTGCAGACAAAGGAAGTTTGAAATATTGCTTAAGACTTTCCCTGAGATAGATAGATAGATAGATAGATAGATAGATAGATAGATAGATGATAGATAGATAGATAGATAGATAGATAGATAGATATAGAGATATAGACATATATACTTTATGTTTCTTTGTTGTTTGTGTTTTTCAGGAGGGGGAGTCAGGTTAGTC"
"Ch-67","3","AGCATTAGCATTTGTCCTGGTTTTATCATATTGCAGACAAAGGAAGTTTGAAATATTGCTTAAGACTTTCCCTGAGATAGATAGATAGATAGATAGATAGATAGATAGATAGATAGATAGATGATAGATAGATAGATAGATAGATAGATAGATAGATAGATATAGAGATATAGACATATATACTTTATGTTTCTTTGTTGTTTGTGTTTTTCAGGAGGGGGAGTCAGGTTAGTC","AGCATTAGCATTTGTCCTGGTTTTATCATATTGCAGACAAAGGAAGTTTGAAATATTGCTTAAGACTTTCCCTGAGATAGATAGATAGATAGATAGATAGATAGATAGATAGATAGATGATAGATAGATAGATAGATAGATAGATAGATAGATAGATAGATATAGAGATATAGACATATATACTTTATGTTTCTTTGTTGTTTGTGTTTTTCAGGAGGGGGAGTCAGGTTAGTC"
"Ch-3","3","AGCATTAGCATTTGTCCTGGTTTTATCATATTGCAGACAAAGGAAGTTTGAAATATTGCTTAAGACTTTCCCTGAGATAGATAGATAGATAGATAGATAGATAGATAGATAGATAGATAGATGATAGATAGATAGATAGATAGATAGATATAGAGATATAGACATATATACTTTATGTTTCTTTGTTGTTTGTGTTTTTCAGGAGGGGGAGTCAGGTTAGTC","AGCATTAGCATTTGTCCTGGTTTTATCATATTGCAGACAAAGGAAGTTTGAAATATTGCTTAAGACTTTCCCTGAGATAGATAGATAGATAGATAGATAGATAGATAGATAGATAGATAGATGATAGATAGATAGATAGATAGATAGATAGATAGATAGATATAGAGATATAGACATATATACTTTATGTTTCTTTGTTGTTTGTGTTTTTCAGGAGGGGGAGTCAGGTTAGTC"
"Ch-44","4","GTGGGAAAATTGGCCTAAGTCTGGGGTTCTGACGACAGCCCCTGGCTTCTTTCTTGGCAGATAAGTGCATGATGGAACAATAGGTGAGCCACTTCATTCATTCATTCATTCATTCATTCATTCAACACACATCCACCCAACCCACTCTGCGATGGGATGGATCAGGGCCCCAGGACAGCCTGGTGCTGCAGACCCATCCTTCCCGATGGCTGCCGTCCAGGGCCGGGCGGGAGACACTGGGGCTGCCCACATTGATGGGTGCACAGGTGTGAGGCTCAGAAG","GTGGGAAAATTGGCCTAAGTCTGGGGTTCTGACGACAGCCCCTGGCTTCTTTCTTGGCAGATAAGTGCATGATGGAACAATAGGTGAGCCACTTCATTCATTCATTCATTCATTCATTCATTCATTCATTCATTCAACACACATCCACCCAACCCACTCTGCGATGGGATGGATCAGGGCCCCAGGACAGCCTGGTGCTGCAGACCCATCCTTCCCGATGGCTGCCGTCCAGGGCCGGGCGGGAGACACTGGGGCTGCCCACATTGATGGGTGCACAGGTGTGAGGCTCAGAAG"
"Ch-58","4","GTGGGAAAATTGGCCTAAGTCTGGGGTTCTGACGACAGCCCCTGGCTTCTTTCTTGGCAGATAAGTGCATGATGGAACAATAGGTGAGCCACTTCATTCATTCATTCATTCAACACACATCCACCCAACCCACTCTGCGATGGGATGGATCAGGGCCCCAGGACAGCCTGGTGCTGCAGACCCATCCTTCCCGATGGCTGCCGTCCAGGGCCGGGCGGGAGACACTGGGGCTGCCCACATTGATGGGTGCACAGGTGTGAGGCTCAGAAG","GTGGGAAAATTGGCCTAAGTCTGGGGTTCTGACGACAGCCCCTGGCTTCTTTCTTGGCAGATAAGTGCATGATGGAACAATAGGTGAGCCACTTCATTCATTCATTCATTCATTCATTCATTCATTCATTCATTCAAACACACATCCACCCAACCCACTCTGCGATGGGATGGATCAGGGCCCCAGGACAGCCTGGTGCTGCAGACCCATCCTTCCCGATGGCTGCCGTCCAGGGCCGGGCGGGAGACACTGGGGCTGCCCACATTGATGGGTGCACAGGTGTGAGGCTCAGAAG"
"Ch-19","4","GTGGGAAAATTGGCCTAAGTCTGGGGTTCTGACGACAGCCCCTGGCTTCTTTCTTGGCAGATAAGTGCATGATGGAACAATAGGTGAGCCACTTCATTCATTCATTCATTCATTCATTCATTCAACACACATCCACCCAACCCACTCTGCGATGGGATGGATCAGGGCCCCAGGACAGCCTGGTGCTGCAGACCCATCCTTCCCGATGGCTGCCGTCCAGGGCCGGGCGGGAGACACTGGGGCTGCCCACATTGATGGGTGCACAGGTGTGAGGCTCAGAAG","GTGGGAAAATTGGCCTAAGTCTGGGGTTCTGACGACAGCCCCTGGCTTCTTTCTTGGCAGATAAGTGCATGATGGAACAATAGGTGAGCCACTTCATTCATTCATTCATTCATTCATTCATTCATTCATTCATTCAAACACACATCCACCCAACCCACTCTGCGATGGGATGGATCAGGGCCCCAGGACAGCCTGGTGCTGCAGACCCATCCTTCCCGATGGCTGCCGTCCAGGGCCGGGCGGGAGACACTGGGGCTGCCCACATTGATGGGTGCACAGGTGTGAGGCTCAGAAG"
"Ch-51","4","GTGGGAAAATTGGCCTAAGTCTGGGGTTCTGACGACAGCCCCTGGCTTCTTTCTTGGCAGATAAGTGCATGATGGAACAATAGGTGAGCCACTTCATTCATTCATTCATTCATTCATTCATTCATTCATTCATTCAAACACACATCCACCCAACCCACTCTGCGATGGGATGGATCAGGGCCCCAGGACAGCCTGGTGCTGCAGACCCATCCTTCCCGATGGCTGCCGTCCAGGGCCGGGCGGGAGACACTGGGGCTGCCCACATTGATGGGTGCACAGGTGTGAGGCTCAGAAG",
"Ch-26","4","GTGGGAAAATTGGCCTAAGTCTGGGGTTCTGACGACAGCCCCTGGCTTCTTTCTTGGCAGATAAGTGCATGATGGAACAATAGGTGAGCCACTTCATTCATTCATTCATTCATTCATTCATTCATTCATTCATTCAAACACACATCCACCCAACCCACTCTGCGATGGGATGGATCAGGGCCCCAGGACAGCCTGGTGCTGCAGACCCATCCTTCCCGATGGCTGCCGTCCAGGGCCGGGCGGGAGACACTGGGGCTGCCCACATTGATGGGTGCACAGGTGTGAGGCTCAGAAG",
"Ch-54","4","GTGGGAAAATTGGCCTAAGTCTGGGGTTCTGACGACAGCCCCTGGCTTCTTTCTTGGCAGATAAGTGCATGATGGAACAATAGGTGAGCCACTTCATTCATTCATTCATTCATTCATTCATTCATTCATTCATTCAAACACACATCCACCCAACCCACTCTGCGATGGGATGGATCAGGGCCCCAGGACAGCCTGGTGCTGCAGACCCATCCTTCCCGATGGCTGCCGTCCAGGGCCGGGCGGGAGACACTGGGGCTGCCCACATTGATGGGTGCACAGGTGTGAGGCTCAGAAG",
"Ch-4","4","GTGGGAAAATTGGCCTAAGTCTGGGGTTCTGACGACAGCCCCTGGCTTCTTTCTTGGCAGATAAGTGCATGATGGAACAATAGGTGAGCCACTTCATTCATTCATTCATTCATTCATTCATTCATTCAACACACATCCACCCAACCCACTCTGCGATGGGATGGATCAGGGCCCCAGGACAGCCTGGTGCTGCAGACCCATCCTTCCCGATGGCTGCCGTCCAGGGCCGGGCGGGAGACACTGGGGCTGCCCACATTGATGGGTGCACAGGTGTGAGGCTCAGAAG","GTGGGAAAATTGGCCTAAGTCTGGGGTTCTGACGACAGCCCCTGGCTTCTTTCTTGGCAGATAAGTGCATGATGGAACAATAGGTGAGCCACTTCATTCATTCATTCATTCATTCATTCATTCATTCATTCATTCAAACACACATCCACCCAACCCACTCTGCGATGGGATGGATCAGGGCCCCAGGACAGCCTGGTGCTGCAGACCCATCCTTCCCGATGGCTGCCGTCCAGGGCCGGGCGGGAGACACTGGGGCTGCCCACATTGATGGGTGCACAGGTGTGAGGCTCAGAAG"
"Ch-48","4","GTGGGAAAATTGGCCTAAGTCTGGGGTTCTGACGACAGCCCCTGGCTTCTTTCTTGGCAGATAAGTGCATGATGGAACAATAGGTGAGCCACTTCATTCATTCATTCATTCATTCATTCATTCAACACACATCCACCCAACCCACTCTGCGATGGGATGGATCAGGGCCCCAGGACAGCCTGGTGCTGCAGACCCATCCTTCCCGATGGCTGCCGTCCAGGGCCGGGCGGGAGACACTGGGGCTGCCCACATTGATGGGTGCACAGGTGTGAGGCTCAGAAG","GTGGGAAAATTGGCCTAAGTCTGGGGTTCTGACGACAGCCCCTGGCTTCTTTCTTGGCAGATAAGTGCATGATGGAACAATAGGTGAGCCACTTCATTCATTCATTCATTCATTCATTCATTCATTCAACACACATCCACCCAACCCACTCTGCGATGGGATGGATCAGGGCCCCAGGACAGCCTGGTGCTGCAGACCCATCCTTCCCGATGGCTGCCGTCCAGGGCCGGGCGGGAGACACTGGGGCTGCCCACATTGATGGGTGCACAGGTGTGAGGCTCAGAAG"
"Ch-53","4","GTGGGAAAATTGGCCTAAGTCTGGGGTTCTGACGACAGCCCCTGGCTTCTTTCTTGGCAGATAAGTGCATGATGGAACAATAGGTGAGCCACTTCATTCATTCATTCATTCAACACACATCCACCCAACCCACTCTGCGATGGGATGGATCAGGGCCCCAGGACAGCCTGGTGCTGCAGACCCATCCTTCCCGATGGCTGCCGTCCAGGGCCGGGCGGGAGACACTGGGGCTGCCCACATTGATGGGTGCACAGGTGTGAGGCTCAGAAG",
"Ch-18","4","GTGGGAAAATTGGCCTAAGTCTGGGGTTCTGACGACAGCCCCTGGCTTCTTTCTTGGCAGATAAGTGCATGATGGAACAATAGGTGAGCCACTTCATTCATTCATTCATTCATTCATTCATTCATTCAACACACATCCACCCAACCCACTCTGCGATGGGATGGATCAGGGCCCCAGGACAGCCTGGTGCTGCAGACCCATCCTTCCCGATGGCTGCCGTCCAGGGCCGGGCGGGAGACACTGGGGCTGCCCACATTGATGGGTGCACAGGTGTGAGGCTCAGAAG","GTGGGAAAATTGGCCTAAGTCTGGGGTTCTGACGACAGCCCCTGGCTTCTTTCTTGGCAGATAAGTGCATGATGGAACAATAGGTGAGCCACTTCATTCATTCATTCATTCATTCATTCATTCATTCATTCATTCAAACACACATCCACCCAACCCACTCTGCGATGGGATGGATCAGGGCCCCAGGACAGCCTGGTGCTGCAGACCCATCCTTCCCGATGGCTGCCGTCCAGGGCCGGGCGGGAGACACTGGGGCTGCCCACATTGATGGGTGCACAGGTGTGAGGCTCAGAAG"
"Ch-67","4","GTGGGAAAATTGGCCTAAGTCTGGGGTTCTGACGACAGCCCCTGGCTTCTTTCTTGGCAGATAAGTGCATGATGGAACAATAGGTGAGCCACTTCATTCATTCATTCATTCAACACACATCCACCCAACCCACTCTGCGATGGGATGGATCAGGGCCCCAGGACAGCCTGGTGCTGCAGACCCATCCTTCCCGATGGCTGCCGTCCAGGGCCGGGCGGGAGACACTGGGGCTGCCCACATTGATGGGTGCACAGGTGTGAGGCTCAGAAG","GTGGGAAAATTGGCCTAAGTCTGGGGTTCTGACGACAGCCCCTGGCTTCTTTCTTGGCAGATAAGTGCATGATGGAACAATAGGTGAGCCACTTCATTCATTCATTCATTCATTCATTCATTCATTCATTCATTCAAACACACATCCACCCAACCCACTCTGCGATGGGATGGATCAGGGCCCCAGGACAGCCTGGTGCTGCAGACCCATCCTTCCCGATGGCTGCCGTCCAGGGCCGGGCGGGAGACACTGGGGCTGCCCACATTGATGGGTGCACAGGTGTGAGGCTCAGAAG"
"Ch-3","4","GTGGGAAAATTGGCCTAAGTCTGGGGTTCTGACGACAGCCCCTGGCTTCTTTCTTGGCAGATAAGTGCATGATGGAACAATAGGTGAGCCACTTCATTCATTCATTCATTCATTCATTCATTCATTCAACACACATCCACCCAACCCACTCTGCGATGGGATGGATCAGGGCCCCAGGACAGCCTGGTGCTGCAGACCCATCCTTCCCGATGGCTGCCGTCCAGGGCCGGGCGGGAGACACTGGGGCTGCCCACATTGATGGGTGCACAGGTGTGAGGCTCAGAAG","GTGGGAAAATTGGCCTAAGTCTGGGGTTCTGACGACAGCCCCTGGCTTCTTTCTTGGCAGATAAGTGCATGATGGAACAATAGGTGAGCCACTTCATTCATTCATTCATTCATTCATTCATTCATTCATTCATTCAAACACACATCCACCCAACCCACTCTGCGATGGGATGGATCAGGGCCCCAGGACAGCCTGGTGCTGCAGACCCATCCTTCCCGATGGCTGCCGTCCAGGGCCGGGCGGGAGACACTGGGGCTGCCCACATTGATGGGTGCACAGGTGTGAGGCTCAGAAG"
