"","Dataset","Sample","Replicate","TZCode","Locus","Filename","Allele1Seq","Allele1Count","Allele1Length","Allele2Seq","Allele2Count","Allele2Length","Homozygous","Stutter","Artifact","CountTotal","CountLocus","ProminentSeqs"
"4-37-1-A","4","37","1","37","A","data/prepared/170922_M00281_0273_000000000-BBWWD_Multiplex-1stround-TZ037-ABC3_S13_L001_R1_001.fastq.gz","ATTATCACTGGTGTTAGTCCTCTGTATTATTCAGGATTCTCCAGACAAATGGAACCCATAGGATGGATAGATAGATAGATAGATAGATAGATAGACAGATAGAAAGTGATATGTTATGAAGGACTGGCTCACACAACTGTG",9456,141,"ATTATCACTGGTGTTAGTCCTCTGTATTATTCAGGATTCTCCAGACAAATGGAACCCATAGGATGGATGGATAGATAGATAGATAGATAGATAGATAGATAGATAGATAGACAGACAGATAGAAAGTGATATGTTATGAAGGACTGGCTCACACAACTGTG",3504,161,FALSE,FALSE,FALSE,72001,31423,2
"4-37-2-A","4","37","2","37","A","data/prepared/170925_M00281_0274_000000000-BBW8V_Multiplex-2ndround-TZ037-A_S97_L001_R1_001.fastq.gz","ATTATCACTGGTGTTAGTCCTCTGTATTATTCAGGATTCTCCAGACAAATGGAACCCATAGGATGGATAGATAGATAGATAGATAGATAGATAGACAGATAGAAAGTGATATGTTATGAAGGACTGGCTCACACAACTGTG",285,141,,,,TRUE,FALSE,TRUE,1329,1083,1
"4-60-1-A","4","60","1","60","A","data/prepared/170922_M00281_0273_000000000-BBWWD_Multiplex-1stround-TZ060-ABC3_S14_L001_R1_001.fastq.gz","ATTATCACTGGTGTTAGTCCTCTGTATTATTCAGGATTCTCCAGACAAATGGAACCCATAGGATGGATAGATAGATAGATAGATAGATAGATAGACAGATAGAAAGTGATATGTTATGAAGGACTGGCTCACACAACTGTG",16926,141,"ATTATCACTGGTGTTAGTCCTCTGTATTATTCAGGATTCTCCAGACAAATGGAACCCATAGGATGGATGGATAGATAGATAGATAGATAGATAGATAGATAGATAGATAGACAGACAGATAGAAAGTGATATGTTATGAAGGACTGGCTCACACAACTGTG",5697,161,FALSE,FALSE,FALSE,100022,47550,2
"4-60-2-A","4","60","2","60","A","data/prepared/170925_M00281_0274_000000000-BBW8V_Multiplex-2ndround-TZ060-A_S98_L001_R1_001.fastq.gz","ATTATCACTGGTGTTAGTCCTCTGTATTATTCAGGATTCTCCAGACAAATGGAACCCATAGGATGGATAGATAGATAGATAGATAGATAGATAGACAGATAGAAAGTGATATGTTATGAAGGACTGGCTCACACAACTGTG",3913,141,,,,TRUE,FALSE,TRUE,11832,10910,1
"4-96-1-A","4","96","1","96","A","data/prepared/170922_M00281_0273_000000000-BBWWD_Multiplex-1stround-TZ096-ABC3_S15_L001_R1_001.fastq.gz","ATTATCACTGGTGTTAGTCCTCTGTATTATTCAGGATTCTCCAGACAAATGGAACCCATAGGATGGATAGATAGATAGATAGATAGATAGATAGACAGATAGAAAGTGATATGTTATGAAGGACTGGCTCACACAACTGTG",18476,141,"ATTATCACTGGTGTTAGTCCTCTGTATTATTCAGGATTCTCCAGACAAATGGAACCCATAGGATGGATGGATAGATAGATAGATAGATAGATAGATAGATAGATAGATAGATAGATAGATAGACAGACAGACAGATAGAAAGTGATATGTTATGAAGGACTGGCTCACACAACTGTG",4226,177,FALSE,FALSE,FALSE,115995,47814,2
"4-96-2-A","4","96","2","96","A","data/prepared/170925_M00281_0274_000000000-BBW8V_Multiplex-2ndround-TZ096-A_S99_L001_R1_001.fastq.gz","ATTATCACTGGTGTTAGTCCTCTGTATTATTCAGGATTCTCCAGACAAATGGAACCCATAGGATGGATAGATAGATAGATAGATAGATAGATAGACAGATAGAAAGTGATATGTTATGAAGGACTGGCTCACACAACTGTG",6718,141,,,,TRUE,FALSE,TRUE,15604,14604,1
"4-220-1-A","4","220","1","220","A","data/prepared/170922_M00281_0273_000000000-BBWWD_Multiplex-1stround-TZ220-ABC3_S16_L001_R1_001.fastq.gz","ATTATCACTGGTGTTAGTCCTCTGTATTATTCAGGATTCTCCAGACAAATGGAACCCATAGGATGGATGGATAGATAGATAGATAGATAGATAGATAGATAGATAGATAGATAGATAGACAGACAGACAGATAGAAAGTGATATGTTATGAAGGACTGGCTCACACAACTGTG",10053,173,"ATTATCACTGGTGTTAGTCCTCTGTATTATTCAGGATTCTCCAGACAAATGGAACCCATAGGATGGATGGATAGATAGATAGATAGATAGATAGATAGATAGATAGATAGATAGATAGATAGACAGACAGACAGATAGAAAGTGATATGTTATGAAGGACTGGCTCACACAACTGTG",4092,177,FALSE,FALSE,FALSE,93375,31386,2
"4-220-2-A","4","220","2","220","A","data/prepared/170925_M00281_0274_000000000-BBW8V_Multiplex-2ndround-TZ220-A_S100_L001_R1_001.fastq.gz","ATTATCACTGGTGTTAGTCCTCTGTATTATTCAGGATTCTCCAGACAAATGGAACCCATAGGATGGATGGATAGATAGATAGATAGATAGATAGATAGATAGATAGATAGATAGATAGACAGACAGACAGATAGAAAGTGATATGTTATGAAGGACTGGCTCACACAACTGTG",1772,173,"ATTATCACTGGTGTTAGTCCTCTGTATTATTCAGGATTCTCCAGACAAATGGAACCCATAGGATGGATGGATAGATAGATAGATAGATAGATAGATAGATAGATAGATAGATAGACAGACAGACAGATAGAAAGTGATATGTTATGAAGGACTGGCTCACACAACTGTG",603,169,FALSE,FALSE,FALSE,6324,5419,3
"4-254-1-A","4","254","1","254","A","data/prepared/170922_M00281_0273_000000000-BBWWD_Multiplex-1stround-TZ254-ABC3_S17_L001_R1_001.fastq.gz","ATTATCACTGGTGTTAGTCCTCTGTATTATTCAGGATTCTCCAGACAAATGGAACCCATAGGATGGATGGATAGATAGATAGATAGATAGATAGATAGATAGATAGATAGACAGACAGATAGAAAGTGATATGTTATGAAGGACTGGCTCACACAACTGTG",33473,161,,,,TRUE,TRUE,FALSE,128367,57634,1
"4-254-2-A","4","254","2","254","A","data/prepared/170925_M00281_0274_000000000-BBW8V_Multiplex-2ndround-TZ254-A_S101_L001_R1_001.fastq.gz","ATTATCACTGGTGTTAGTCCTCTGTATTATTCAGGATTCTCCAGACAAATGGAACCCATAGGATGGATGGATAGATAGATAGATAGATAGATAGATAGATAGATAGATAGACAGACAGATAGAAAGTGATATGTTATGAAGGACTGGCTCACACAACTGTG",10335,161,,,,TRUE,TRUE,FALSE,34582,17974,1
"4-259-1-A","4","259","1","259","A","data/prepared/170922_M00281_0273_000000000-BBWWD_Multiplex-1stround-TZ259-ABC3_S18_L001_R1_001.fastq.gz","ATTATCACTGGTGTTAGTCCTCTGTATTATTCAGGATTCTCCAGACAAATGGAACCCATAGGATGGATAGATAGATAGATAGATAGATAGATAGATAGATAGATAGACAGATAGAAAGTGATATGTTATGAAGGACTGGCTCACACAACTGTG",13453,153,"ATTATCACTGGTGTTAGTCCTCTGTATTATTCAGGATTCTCCAGACAAATGGAACCCATAGGATGGATGGATAGATAGATAGATAGATAGATAGATAGATAGATAGATAGACAGACAGATAGAAAGTGATATGTTATGAAGGACTGGCTCACACAACTGTG",10092,161,FALSE,FALSE,FALSE,176651,66994,2
"4-259-2-A","4","259","2","259","A","data/prepared/170925_M00281_0274_000000000-BBW8V_Multiplex-2ndround-TZ259-A_S102_L001_R1_001.fastq.gz","ATTATCACTGGTGTTAGTCCTCTGTATTATTCAGGATTCTCCAGACAAATGGAACCCATAGGATGGATAGATAGATAGATAGATAGATAGATAGATAGATAGATAGACAGATAGAAAGTGATATGTTATGAAGGACTGGCTCACACAACTGTG",2486,153,"ATTATCACTGGTGTTAGTCCTCTGTATTATTCAGGATTCTCCAGACAAATGGAACCCATAGGATGGATAGATAGATAGATAGATAGATAGATAGATAGATAGACAGACAGATAGAAAGTGATATGTTATGAAGGACTGGCTCACACAACTGTG",1310,153,FALSE,FALSE,FALSE,30907,13060,4
"4-260-1-A","4","260","1","260","A","data/prepared/170922_M00281_0273_000000000-BBWWD_Multiplex-1stround-TZ260-ABC3_S19_L001_R1_001.fastq.gz","ATTATCACTGGTGTTAGTCCTCTGTATTATTCAGGATTCTCCAGACAAATGGAACCCATAGGATGGATGGATAGATAGATAGATAGATAGATAGATAGATAGATAGATAGATAGATAGATAGACAGACAGACAGATAGAAAGTGATATGTTATGAAGGACTGGCTCACACAACTGTG",10054,177,"ATTATCACTGGTGTTAGTCCTCTGTATTATTCAGGATTCTCCAGACAAATGGAACCCATAGGATGGATGGATAGATAGATAGATAGATAGATAGATAGATAGATAGATAGACAGACAGATAGAAAGTGATATGTTATGAAGGACTGGCTCACACAACTGTG",6056,161,FALSE,FALSE,FALSE,109281,41899,2
"4-260-2-A","4","260","2","260","A","data/prepared/170925_M00281_0274_000000000-BBW8V_Multiplex-2ndround-TZ260-A_S103_L001_R1_001.fastq.gz","ATTATCACTGGTGTTAGTCCTCTGTATTATTCAGGATTCTCCAGACAAATGGAACCCATAGGATGGATGGATAGATAGATAGATAGATAGATAGATAGATAGATAGATAGACAGACAGATAGAAAGTGATATGTTATGAAGGACTGGCTCACACAACTGTG",826,161,"ATTATCACTGGTGTTAGTCCTCTGTATTATTCAGGATTCTCCAGACAAATGGAACCCATAGGATGGATGGATAGATAGATAGATAGATAGATAGATAGATAGATAGATAGATAGATAGATAGACAGACAGACAGATAGAAAGTGATATGTTATGAAGGACTGGCTCACACAACTGTG",820,177,FALSE,FALSE,FALSE,13716,6188,4
"4-263-1-A","4","263","1","263","A","data/prepared/170922_M00281_0273_000000000-BBWWD_Multiplex-1stround-TZ263-ABC3_S20_L001_R1_001.fastq.gz","ATTATCACTGGTGTTAGTCCTCTGTATTATTCAGGATTCTCCAGACAAATGGAACCCATAGGATGGATGGATAGATAGATAGATAGATAGATAGATAGATAGATAGATAGACAGACAGATAGAAAGTGATATGTTATGAAGGACTGGCTCACACAACTGTG",15982,161,"ATTATCACTGGTGTTAGTCCTCTGTATTATTCAGGATTCTCCAGACAAATGGAACCCATAGGATGGATGGATAGATAGATAGATAGATAGATAGATAGATAGATAGATAGATAGATAGACAGACAGACAGATAGAAAGTGATATGTTATGAAGGACTGGCTCACACAACTGTG",8205,173,FALSE,FALSE,FALSE,169895,63839,2
"4-263-2-A","4","263","2","263","A","data/prepared/170925_M00281_0274_000000000-BBW8V_Multiplex-2ndround-TZ263-A_S104_L001_R1_001.fastq.gz","ATTATCACTGGTGTTAGTCCTCTGTATTATTCAGGATTCTCCAGACAAATGGAACCCATAGGATGGATGGATAGATAGATAGATAGATAGATAGATAGATAGATAGATAGACAGACAGATAGAAAGTGATATGTTATGAAGGACTGGCTCACACAACTGTG",2152,161,"ATTATCACTGGTGTTAGTCCTCTGTATTATTCAGGATTCTCCAGACAAATGGAACCCATAGGATGGATGGATAGATAGATAGATAGATAGATAGATAGATAGATAGACAGACAGACAGATAGAAAGTGATATGTTATGAAGGACTGGCTCACACAACTGTG",1060,161,FALSE,FALSE,FALSE,13767,8542,3
"4-264-1-A","4","264","1","264","A","data/prepared/170922_M00281_0273_000000000-BBWWD_Multiplex-1stround-TZ264-ABC3_S21_L001_R1_001.fastq.gz","ATTATCACTGGTGTTAGTCCTCTGTATTATTCAGGATTCTCCAGACAAATGGAACCCATAGGATGGATGGATAGATAGATAGATAGATAGATAGATAGATAGATAGATAGACAGACAGATAGAAAGTGATATGTTATGAAGGACTGGCTCACACAACTGTG",17224,161,,,,TRUE,TRUE,FALSE,77326,34445,1
"4-264-2-A","4","264","2","264","A","data/prepared/170925_M00281_0274_000000000-BBW8V_Multiplex-2ndround-TZ264-A_S105_L001_R1_001.fastq.gz","ATTATCACTGGTGTTAGTCCTCTGTATTATTCAGGATTCTCCAGACAAATGGAACCCATAGGATGGATGGATAGATAGATAGATAGATAGATAGATAGATAGATAGATAGACAGACAGATAGAAAGTGATATGTTATGAAGGACTGGCTCACACAACTGTG",3110,161,,,,TRUE,TRUE,TRUE,8791,6968,1
"4-271-1-A","4","271","1","271","A","data/prepared/170922_M00281_0273_000000000-BBWWD_Multiplex-1stround-TZ271-ABC3_S22_L001_R1_001.fastq.gz","ATTATCACTGGTGTTAGTCCTCTGTATTATTCAGGATTCTCCAGACAAATGGAACCCATAGGATGGATAGATAGATAGATAGATAGATAGATAGACAGATAGAAAGTGATATGTTATGAAGGACTGGCTCACACAACTGTG",34464,141,"ATTATCACTGGTGTTAGTCCTCTGTATTATTCAGGATTCTCCAGACAAATGGAACCCATAGGATGGATGGATAGATAGATAGATAGATAGATAGATAGATAGATAGATAGATAGATAGACAGACAGACAGATAGAAAGTGATATGTTATGAAGGACTGGCTCACACAACTGTG",5231,173,FALSE,FALSE,FALSE,183150,79337,2
"4-271-2-A","4","271","2","271","A","data/prepared/170925_M00281_0274_000000000-BBW8V_Multiplex-2ndround-TZ271-A_S106_L001_R1_001.fastq.gz","ATTATCACTGGTGTTAGTCCTCTGTATTATTCAGGATTCTCCAGACAAATGGAACCCATAGGATGGATAGATAGATAGATAGATAGATAGATAGACAGATAGAAAGTGATATGTTATGAAGGACTGGCTCACACAACTGTG",174,141,"ATTATCACTGGTGTTAGTCCTCTGTATTATTCAGGATTCTCCAGACAAATGGAACCCATAGGATGGATGGATAGATAGATAGATAGATAGATAGATAGATAGATAGATAGATAGATAGACAGACAGACAGATAGAAAGTGATATGTTATGAAGGACTGGCTCACACAACTGTG",36,173,FALSE,FALSE,FALSE,716,517,2
"4-320-1-A","4","320","1","320","A","data/prepared/170922_M00281_0273_000000000-BBWWD_Multiplex-1stround-TZ320-ABC3_S23_L001_R1_001.fastq.gz","ATTATCACTGGTGTTAGTCCTCTGTATTATTCAGGATTCTCCAGACAAATGGAACCCATAGGATGGATGGATAGATAGATAGATAGATAGATAGATAGATAGATAGATAGATAGATAGATAGACAGACAGACAGATAGAAAGTGATATGTTATGAAGGACTGGCTCACACAACTGTG",10554,177,"ATTATCACTGGTGTTAGTCCTCTGTATTATTCAGGATTCTCCAGACAAATGGAACCCATAGGATGGATGGATAGATAGATAGATAGATAGATAGATAGATAGATAGATAGATAGATAGATAGATAGACAGACAGACAGATAGAAAGTGATATGTTATGAAGGACTGGCTCACACAACTGTG",8822,181,FALSE,FALSE,FALSE,145931,50050,2
"4-320-2-A","4","320","2","320","A","data/prepared/170925_M00281_0274_000000000-BBW8V_Multiplex-2ndround-TZ320-A_S107_L001_R1_001.fastq.gz","ATTATCACTGGTGTTAGTCCTCTGTATTATTCAGGATTCTCCAGACAAATGGAACCCATAGGATGGATGGATAGATAGATAGATAGATAGATAGATAGATAGATAGATAGATAGATAGATAGACAGACAGACAGATAGAAAGTGATATGTTATGAAGGACTGGCTCACACAACTGTG",2463,177,"ATTATCACTGGTGTTAGTCCTCTGTATTATTCAGGATTCTCCAGACAAATGGAACCCATAGGATGGATGGATAGATAGATAGATAGATAGATAGATAGATAGATAGATAGATAGATAGATAGATAGACAGACAGACAGATAGAAAGTGATATGTTATGAAGGACTGGCTCACACAACTGTG",1669,181,FALSE,FALSE,FALSE,20003,8531,3
"4-336-1-A","4","336","1","336","A","data/prepared/170922_M00281_0273_000000000-BBWWD_Multiplex-1stround-TZ336-ABC3_S24_L001_R1_001.fastq.gz","ATTATCACTGGTGTTAGTCCTCTGTATTATTCAGGATTCTCCAGACAAATGGAACCCATAGGATGGATAGATAGATAGATAGATAGATAGATAGACAGATAGAAAGTGATATGTTATGAAGGACTGGCTCACACAACTGTG",21294,141,"ATTATCACTGGTGTTAGTCCTCTGTATTATTCAGGATTCTCCAGACAAATGGAACCCATAGGATGGATGGATAGATAGATAGATAGATAGATAGATAGATAGATAGATAGATAGATAGATAGACAGACAGACAGATAGAAAGTGATATGTTATGAAGGACTGGCTCACACAACTGTG",2500,177,FALSE,FALSE,TRUE,103718,49549,2
"4-336-2-A","4","336","2","336","A","data/prepared/170925_M00281_0274_000000000-BBW8V_Multiplex-2ndround-TZ336-A_S108_L001_R1_001.fastq.gz","ATTATCACTGGTGTTAGTCCTCTGTATTATTCAGGATTCTCCAGACAAATGGAACCCATAGGATGGATAGATAGATAGATAGATAGATAGATAGACAGATAGAAAGTGATATGTTATGAAGGACTGGCTCACACAACTGTG",2878,141,,,,TRUE,FALSE,TRUE,6210,5793,1
"4-37-1-B","4","37","1","37","B","data/prepared/170922_M00281_0273_000000000-BBWWD_Multiplex-1stround-TZ037-ABC3_S13_L001_R1_001.fastq.gz",,,,,,,FALSE,FALSE,FALSE,72001,307,1
"4-37-2-B","4","37","2","37","B","data/prepared/170925_M00281_0274_000000000-BBW8V_Multiplex-2ndround-TZ037-B_S109_L001_R1_001.fastq.gz","TCAGTCTCTCTTTCTCCTTGCAGATAGATGATAGATAGATAGATAGATAGATAGATAGATAGATAGATAGATAGATAGATAAACGGATAGATAGATAGGTAGACAGACAGATCTCCATTTACATCTTTTATCTCTCCTCTCTTCCTAATACAATTCACACCAACAGGACCACAGGCTCCTA",2385,181,,,,TRUE,TRUE,TRUE,9596,5697,1
"4-60-1-B","4","60","1","60","B","data/prepared/170922_M00281_0273_000000000-BBWWD_Multiplex-1stround-TZ060-ABC3_S14_L001_R1_001.fastq.gz","TCAGTCTCTCTTTCTCCTTGCAGATAGATGATAGATTAGATAGATAGATAGATAGATAGATGATAGATAGATAGATAGATAGATGATGATAGATAGATAGATAAATGGATAGATAGATGGGTAGACAGATAGATCTCCATTTACATCTTTTATCTCTCCTCTCTTCCTAATACAATTCACACCAACAGGACCACAGGCTCCTA",70,203,"TCAGTCTCTCTTTCTCCTTGCAGATAGATGATAGATTAGATAGATAGATAGATAGATAGATAGATAGATAGATAGATAGATAGATGATGATAGATAGATAGATAAATGGATAGATAGATGGGTAGACAGATAGATCTCCATTTACATCTTTTATCTCTCCTCTCTTCCTAATACAATTCACACCAACAGGACCACAGGCTCCTA",47,204,FALSE,FALSE,FALSE,100022,639,2
"4-60-2-B","4","60","2","60","B","data/prepared/170925_M00281_0274_000000000-BBW8V_Multiplex-2ndround-TZ060-B_S110_L001_R1_001.fastq.gz","TCAGTCTCTCTTTCTCCTTGCAGATAGATGATAGATTAGATAGATAGATAGATAGATAGATGATAGATAGATAGATAGATAGATGATGATAGATAGATAGATAAATGGATAGATAGATGGGTAGACAGATAGATCTCCATTTACATCTTTTATCTCTCCTCTCTTCCTAATACAATTCACACCAACAGGACCACAGGCTCCTA",1979,203,"TCAGTCTCTCTTTCTCCTTGCAGATAGATGATAGATTAGATAGATAGATAGATAGATAGATAGATAGATAGATAGATAGATAGATGATGATAGATAGATAGATAAATGGATAGATAGATGGGTAGACAGATAGATCTCCATTTACATCTTTTATCTCTCCTCTCTTCCTAATACAATTCACACCAACAGGACCACAGGCTCCTA",1367,204,FALSE,FALSE,FALSE,8309,5865,2
"4-96-1-B","4","96","1","96","B","data/prepared/170922_M00281_0273_000000000-BBWWD_Multiplex-1stround-TZ096-ABC3_S15_L001_R1_001.fastq.gz","TCAGTCTCTCTTTCTCCTTGCAGATAGATGATAGATTAGATAGATAGATAGATAGATAGATGATAGATAGATAGATAGATAGATGATGATAGATAGATAGATAAATGGATAGATAGATGGGTAGACAGATAGATCTCCATTTACATCTTTTATCTCTCCTCTCTTCCTAATACAATTCACACCAACAGGACCACAGGCTCCTA",78,203,,,,TRUE,FALSE,FALSE,115995,666,1
"4-96-2-B","4","96","2","96","B","data/prepared/170925_M00281_0274_000000000-BBW8V_Multiplex-2ndround-TZ096-B_S111_L001_R1_001.fastq.gz","TCAGTCTCTCTTTCTCCTTGCAGATAGATGATAGATTAGATAGATAGATAGATAGATAGATGATAGATAGATAGATAGATAGATGATGATAGATAGATAGATAAATGGATAGATAGATGGGTAGACAGATAGATCTCCATTTACATCTTTTATCTCTCCTCTCTTCCTAATACAATTCACACCAACAGGACCACAGGCTCCTA",3247,203,,,,TRUE,FALSE,FALSE,9502,7173,1
"4-220-1-B","4","220","1","220","B","data/prepared/170922_M00281_0273_000000000-BBWWD_Multiplex-1stround-TZ220-ABC3_S16_L001_R1_001.fastq.gz","TCAGTCTCTCTTTCTCCTTGCAGATAGATGATAGATTAGATAGATAGATAGATAGATAGATGATAGATAGATAGATAGATAGATGATGATAGATAGATAGATAAATGGATAGATAGATGGGTAGACAGATAGATCTCCATTTACATCTTTTATCTCTCCTCTCTTCCTAATACAATTCACACCAACAGGACCACAGGCTCCTA",60,203,"TCAGTCTCTCTTTCTCCTTGCAGATAGATGATAGATTAGATAGATAGATAGATAGATAGATAGATAGATAGATAGATGATGATAGATAGATAGATAAATGGATAGATAGATGGGTAGACAGATAGATCTCCATTTACATCTTTTATCTCTCCTCTCTTCCTAATACAATTCACACCAACAGGACCACAGGCTCCTA",41,196,FALSE,FALSE,FALSE,93375,657,2
"4-220-2-B","4","220","2","220","B","data/prepared/170925_M00281_0274_000000000-BBW8V_Multiplex-2ndround-TZ220-B_S112_L001_R1_001.fastq.gz","TCAGTCTCTCTTTCTCCTTGCAGATAGATGATAGATTAGATAGATAGATAGATAGATAGATGATAGATAGATAGATAGATAGATGATGATAGATAGATAGATAAATGGATAGATAGATGGGTAGACAGATAGATCTCCATTTACATCTTTTATCTCTCCTCTCTTCCTAATACAATTCACACCAACAGGACCACAGGCTCCTA",3151,203,"TCAGTCTCTCTTTCTCCTTGCAGATAGATGATAGATTAGATAGATAGATAGATAGATAGATAGATAGATAGATAGATGATGATAGATAGATAGATAAATGGATAGATAGATGGGTAGACAGATAGATCTCCATTTACATCTTTTATCTCTCCTCTCTTCCTAATACAATTCACACCAACAGGACCACAGGCTCCTA",1457,196,FALSE,FALSE,FALSE,13639,9974,2
"4-254-1-B","4","254","1","254","B","data/prepared/170922_M00281_0273_000000000-BBWWD_Multiplex-1stround-TZ254-ABC3_S17_L001_R1_001.fastq.gz",,,,,,,FALSE,FALSE,FALSE,128367,256,2
"4-254-2-B","4","254","2","254","B","data/prepared/170925_M00281_0274_000000000-BBW8V_Multiplex-2ndround-TZ254-B_S113_L001_R1_001.fastq.gz","TCAGTCTCTCTTTCTCCTTGCAGATAGATGATAGATTAGATAGATAGATAGATAGATAGATGATAGATAGATAGATAGATAGATGATGATAGATAGATAGATAAATGGATAGATAGATGGGTAGACAGATAGATCTCCATTTACATCTTTTATCTCTCCTCTCTTCCTAATACAATTCACACCAACAGGACCACAGGCTCCTA",3333,203,,,,TRUE,FALSE,TRUE,19537,8596,1
"4-259-1-B","4","259","1","259","B","data/prepared/170922_M00281_0273_000000000-BBWWD_Multiplex-1stround-TZ259-ABC3_S18_L001_R1_001.fastq.gz","TCAGTCTCTCTTTCTCCTTGCAGATAGATGATAGATTAGATAGATAGATAGATAGATAGATGATAGATAGATAGATAGATAGATGATGATAGATAGATAGATAAATGGATAGATAGATGGGTAGACAGATAGATCTCCATTTACATCTTTTATCTCTCCTCTCTTCCTAATACAATTCACACCAACAGGACCACAGGCTCCTA",115,203,"TCAGTCTCTCTTTCTCCTTGCAGATAGATGATAGATTAGATAGATAGATAGATAGATAGATAGATAGATAGATAGATAGATGATGATAGATAGATAGATAAATGGATAGATAGATGGGTAGACAGATAGATCTCCATTTACATCTTTTATCTCTCCTCTCTTCCTAATACAATTCACACCAACAGGACCACAGGCTCCTA",83,200,FALSE,FALSE,FALSE,176651,1272,2
"4-259-2-B","4","259","2","259","B","data/prepared/170925_M00281_0274_000000000-BBW8V_Multiplex-2ndround-TZ259-B_S114_L001_R1_001.fastq.gz","TCAGTCTCTCTTTCTCCTTGCAGATAGATGATAGATTAGATAGATAGATAGATAGATAGATGATAGATAGATAGATAGATAGATGATGATAGATAGATAGATAAATGGATAGATAGATGGGTAGACAGATAGATCTCCATTTACATCTTTTATCTCTCCTCTCTTCCTAATACAATTCACACCAACAGGACCACAGGCTCCTA",4543,203,"TCAGTCTCTCTTTCTCCTTGCAGATAGATGATAGATTAGATAGATAGATAGATAGATAGATAGATAGATAGATAGATAGATGATGATAGATAGATAGATAAATGGATAGATAGATGGGTAGACAGATAGATCTCCATTTACATCTTTTATCTCTCCTCTCTTCCTAATACAATTCACACCAACAGGACCACAGGCTCCTA",3373,200,FALSE,FALSE,FALSE,46891,16306,2
"4-260-1-B","4","260","1","260","B","data/prepared/170922_M00281_0273_000000000-BBWWD_Multiplex-1stround-TZ260-ABC3_S19_L001_R1_001.fastq.gz",,,,,,,FALSE,FALSE,FALSE,109281,430,2
"4-260-2-B","4","260","2","260","B","data/prepared/170925_M00281_0274_000000000-BBW8V_Multiplex-2ndround-TZ260-B_S115_L001_R1_001.fastq.gz","TCAGTCTCTCTTTCTCCTTGCAGATAGATGATAAATAGATAGATATAGATAGATACATGATAGATTAGATAGATAGATATAGATGATAGATAGATAGACGATAGATAGATAGATAGATAAACGGATAGATAGATGGGTAGACAGACAGATCTCCATTTACATCTTTTATCTCTCCTCTCTTCCTAATACAATTCACACCAACAGGACCACAGGCTCCTA",2943,219,"TCAGTCTCTCTTTCTCCTTGCAGATAGATGATAAATAGATAGATATAGATAGATACATGATAGATTAGATAGATAGATATAGATGATAGATAGATAGATAGATGATAGATAGATAGATAGATAGATAGATAAACGGATAGATAGATGGGTAGACAGACAGATCTCCATTTACATCTTTTATCTCTCCTCTCTTCCTAATACAATTCACACCAACAGGACCACAGGCTCCTA",2445,231,FALSE,FALSE,FALSE,34288,9362,2
"4-263-1-B","4","263","1","263","B","data/prepared/170922_M00281_0273_000000000-BBWWD_Multiplex-1stround-TZ263-ABC3_S20_L001_R1_001.fastq.gz","TCAGTCTCTCTTTCTCCTTGCAGATAGATGATAGATTAGATAGATAGATAGATAGATAGATAGATAGATAGATAGATGATGATAGATAGATAGATAAATGGATAGATAGATGGGTAGACAGATAGATCTCCATTTACATCTTTTATCTCTCCTCTCTTCCTAATACAATTCACACCAACAGGACCACAGGCTCCTA",116,196,"TCAGTCTCTCTTTCTCCTTGCAGATAGATGATAGATTAGATAGATAGATAGATAGATAGATGATAGATAGATAGATAGATAGATGATGATAGATAGATAGATAAATGGATAGATAGATGGGTAGACAGATAGATCTCCATTTACATCTTTTATCTCTCCTCTCTTCCTAATACAATTCACACCAACAGGACCACAGGCTCCTA",108,203,FALSE,FALSE,FALSE,169895,1465,2
"4-263-2-B","4","263","2","263","B","data/prepared/170925_M00281_0274_000000000-BBW8V_Multiplex-2ndround-TZ263-B_S116_L001_R1_001.fastq.gz","TCAGTCTCTCTTTCTCCTTGCAGATAGATGATAGATTAGATAGATAGATAGATAGATAGATAGATAGATAGATAGATGATGATAGATAGATAGATAAATGGATAGATAGATGGGTAGACAGATAGATCTCCATTTACATCTTTTATCTCTCCTCTCTTCCTAATACAATTCACACCAACAGGACCACAGGCTCCTA",1369,196,"TCAGTCTCTCTTTCTCCTTGCAGATAGATGATAGATTAGATAGATAGATAGATAGATAGATGATAGATAGATAGATAGATAGATGATGATAGATAGATAGATAAATGGATAGATAGATGGGTAGACAGATAGATCTCCATTTACATCTTTTATCTCTCCTCTCTTCCTAATACAATTCACACCAACAGGACCACAGGCTCCTA",1228,203,FALSE,FALSE,FALSE,7403,5697,2
"4-264-1-B","4","264","1","264","B","data/prepared/170922_M00281_0273_000000000-BBWWD_Multiplex-1stround-TZ264-ABC3_S21_L001_R1_001.fastq.gz",,,,,,,FALSE,FALSE,FALSE,77326,81,1
"4-264-2-B","4","264","2","264","B","data/prepared/170925_M00281_0274_000000000-BBW8V_Multiplex-2ndround-TZ264-B_S117_L001_R1_001.fastq.gz","TCAGTCTCTCTTTCTCCTTGCAGATAGATGATAAATAGATAGATATAGATAGATACATGATAGATTAGATAGATAGATATAGATGATAGATAGATAGATAGATGATAGATAGATAGATAGATAGATAGATAAACGGATAGATAGATGGGTAGACAGACAGATCTCCATTTACATCTTTTATCTCTCCTCTCTTCCTAATACAATTCACACCAACAGGACCACAGGCTCCTA",2065,231,,,,TRUE,FALSE,FALSE,8230,3126,1
"4-271-1-B","4","271","1","271","B","data/prepared/170922_M00281_0273_000000000-BBWWD_Multiplex-1stround-TZ271-ABC3_S22_L001_R1_001.fastq.gz","TCAGTCTCTCTTTCTCCTTGCAGATAGATGATAAATAGATAGATATAGATAGATACATGATAGATTAGATAGATAGATATAGATGATAGATAGATAGATAGATGATAGATAGATAGATAGATAGATAGATAAACGGATAGATAGATGGGTAGACAGACAGATCTCCATTTACATCTTTTATCTCTCCTCTCTTCCTAATACAATTCACACCAACAGGACCACAGGCTCCTA",64,231,"TCAGTCTCTCTTTCTCCTTGCAGATAGATGATAAATAGATAGATATAGATAGATACATGATAGATTAGATAGATAGATATAGATGATAGATAGATAGATAGATGATAGATAGATAGATAGATAGATAGATAGATAAACGGATAGATAGATGGGTAGACAGACAGATCTCCATTTACATCTTTTATCTCTCCTCTCTTCCTAATACAATTCACACCAACAGGACCACAGGCTCCTA",62,235,FALSE,FALSE,FALSE,183150,795,2
"4-271-2-B","4","271","2","271","B","data/prepared/170925_M00281_0274_000000000-BBW8V_Multiplex-2ndround-TZ271-B_S118_L001_R1_001.fastq.gz","TCAGTCTCTCTTTCTCCTTGCAGATAGATGATAAATAGATAGATATAGATAGATACATGATAGATTAGATAGATAGATATAGATGATAGATAGATAGATAGATGATAGATAGATAGATAGATAGATAGATAAACGGATAGATAGATGGGTAGACAGACAGATCTCCATTTACATCTTTTATCTCTCCTCTCTTCCTAATACAATTCACACCAACAGGACCACAGGCTCCTA",1635,231,"TCAGTCTCTCTTTCTCCTTGCAGATAGATGATAAATAGATAGATATAGATAGATACATGATAGATTAGATAGATAGATATAGATGATAGATAGATAGATAGATGATAGATAGATAGATAGATAGATAGATAGATAAACGGATAGATAGATGGGTAGACAGACAGATCTCCATTTACATCTTTTATCTCTCCTCTCTTCCTAATACAATTCACACCAACAGGACCACAGGCTCCTA",1199,235,FALSE,FALSE,FALSE,8197,4205,2
"4-320-1-B","4","320","1","320","B","data/prepared/170922_M00281_0273_000000000-BBWWD_Multiplex-1stround-TZ320-ABC3_S23_L001_R1_001.fastq.gz","TCAGTCTCTCTTTCTCCTTGCAGATAGATGATAGATTAGATAGATAGATAGATAGATAGATAGATAGATAGATAGATAGATGATGATAGATAGATAGATAAATGGATAGATAGATGGGTAGACAGATAGATCTCCATTTACATCTTTTATCTCTCCTCTCTTCCTAATACAATTCACACCAACAGGACCACAGGCTCCTA",102,200,"TCAGTCTCTCTTTCTCCTTGCAGATAGATGATAGATTAGATAGATAGATAGATAGATAGATAGATAGATAGATAGATGATGATAGATAGATAGATAAATGGATAGATAGATGGGTAGACAGATAGATCTCCATTTACATCTTTTATCTCTCCTCTCTTCCTAATACAATTCACACCAACAGGACCACAGGCTCCTA",101,196,FALSE,FALSE,FALSE,145931,1145,2
"4-320-2-B","4","320","2","320","B","data/prepared/170925_M00281_0274_000000000-BBW8V_Multiplex-2ndround-TZ320-B_S119_L001_R1_001.fastq.gz","TCAGTCTCTCTTTCTCCTTGCAGATAGATGATAGATTAGATAGATAGATAGATAGATAGATAGATAGATAGATAGATGATGATAGATAGATAGATAAATGGATAGATAGATGGGTAGACAGATAGATCTCCATTTACATCTTTTATCTCTCCTCTCTTCCTAATACAATTCACACCAACAGGACCACAGGCTCCTA",4780,196,"TCAGTCTCTCTTTCTCCTTGCAGATAGATGATAGATTAGATAGATAGATAGATAGATAGATAGATAGATAGATAGATAGATGATGATAGATAGATAGATAAATGGATAGATAGATGGGTAGACAGATAGATCTCCATTTACATCTTTTATCTCTCCTCTCTTCCTAATACAATTCACACCAACAGGACCACAGGCTCCTA",3477,200,FALSE,FALSE,FALSE,17743,12393,2
"4-336-1-B","4","336","1","336","B","data/prepared/170922_M00281_0273_000000000-BBWWD_Multiplex-1stround-TZ336-ABC3_S24_L001_R1_001.fastq.gz","TCAGTCTCTCTTTCTCCTTGCAGATAGATGATAAATAGATAGATATAGATAGATACATGATAGATTAGATAGATAGATATAGATGATAGATAGATAGACGATAGATAGATAGATAGATAAACGGATAGATAGATGGGTAGACAGACAGATCTCCATTTACATCTTTTATCTCTCCTCTCTTCCTAATACAATTCACACCAACAGGACCACAGGCTCCTA",60,219,,,,TRUE,FALSE,FALSE,103718,542,1
"4-336-2-B","4","336","2","336","B","data/prepared/170925_M00281_0274_000000000-BBW8V_Multiplex-2ndround-TZ336-B_S120_L001_R1_001.fastq.gz","TCAGTCTCTCTTTCTCCTTGCAGATAGATGATAAATAGATAGATATAGATAGATACATGATAGATTAGATAGATAGATATAGATGATAGATAGATAGACGATAGATAGATAGATAGATAAACGGATAGATAGATGGGTAGACAGACAGATCTCCATTTACATCTTTTATCTCTCCTCTCTTCCTAATACAATTCACACCAACAGGACCACAGGCTCCTA",2234,219,"TCAGTCTCTCTTTCTCCTTGCAGATAGATGATAAATAGATAGATATAGATAGATACATGATAGATTAGATAGATAGATATAGATGATAGATAGATAGATAGATGATAGATAGATAGATAGATAGATAGATAAACGGATAGATAGATGGGTAGACAGACAGATCTCCATTTACATCTTTTATCTCTCCTCTCTTCCTAATACAATTCACACCAACAGGACCACAGGCTCCTA",614,231,FALSE,FALSE,FALSE,6267,4776,2
"4-37-1-C","4","37","1","37","C","data/prepared/170922_M00281_0273_000000000-BBWWD_Multiplex-1stround-TZ037-ABC3_S13_L001_R1_001.fastq.gz","GAGAACAGACCCCCAAATCTCTGCAGGACAACTCATAAGAGTGGCTTTCAATATTTTTTCGTCATGACTAAGAGTAAGAAATACCATTTTTCATCATGTCCCAGGAGATAAATAGATAGATAGATAGATAGATAGATAGATAGATAGATAGATAGATCTGTGCATGCACATAGTAAAACTGAAAT",6279,185,"GAGAACAGACCCCCAAATCTCTGCAGGACAACTCATAAGAGTGGCTTTCAATATTTTTTCGTCATGACTAAGAGTAAGAAATACCATTTTTCATCATGTCCCAGGAGATAGATAGATAGATAGATAGATAGATAGATAGATAGATAGATCTGTGCATGCACATAGTAAAACTGAAAT",1665,177,FALSE,FALSE,FALSE,72001,13173,2
"4-37-2-C","4","37","2","37","C","data/prepared/170925_M00281_0274_000000000-BBW8V_Multiplex-2ndround-TZ037-C_S121_L001_R1_001.fastq.gz","GAGAACAGACCCCCAAATCTCTGCAGGACAACTCATAAGAGTGGCTTTCAATATTTTTTCGTCATGACTAAGAGTAAGAAATACCATTTTTCATCATGTCCCAGGAGATAAATAGATAGATAGATAGATAGATAGATAGATAGATAGATAGATAGATCTGTGCATGCACATAGTAAAACTGAAAT",2872,185,"GAGAACAGACCCCCAAATCTCTGCAGGACAACTCATAAGAGTGGCTTTCAATATTTTTTCGTCATGACTAAGAGTAAGAAATACCATTTTTCATCATGTCCCAGGAGATAGATAGATAGATAGATAGATAGATAGATAGATAGATAGATCTGTGCATGCACATAGTAAAACTGAAAT",698,177,FALSE,FALSE,FALSE,13966,6777,3
"4-60-1-C","4","60","1","60","C","data/prepared/170922_M00281_0273_000000000-BBWWD_Multiplex-1stround-TZ060-ABC3_S14_L001_R1_001.fastq.gz","GAGAACAGACCCCCAAATCTCTGCAGGACAACTCATAAGAGTGGCTTTCAATATTTTTTCGTCATGACTAAGAGTAAGAAATACCATTTTTCATCATGTCCCAGGAGATAGATAGATAGATAGATAGATAGATAGATAGATAGATAGATCTGTGCATGCACATAGTAAAACTGAAAT",6719,177,"GAGAACAGACCCCCAAATCTCTGCAGGACAACTCATAAGAGTGGCTTTCAATATTTTTTCGTCATGACTAAGAGTAAGAAATACCATTTTTCATCATGTCCCAGGAGATAAATAGATAGATAGATAGATAGATAGATAGATAGATAGATAGATAGATCTGTGCATGCACATAGTAAAACTGAAAT",3605,185,FALSE,FALSE,FALSE,100022,19038,2
"4-60-2-C","4","60","2","60","C","data/prepared/170925_M00281_0274_000000000-BBW8V_Multiplex-2ndround-TZ060-C_S122_L001_R1_001.fastq.gz","GAGAACAGACCCCCAAATCTCTGCAGGACAACTCATAAGAGTGGCTTTCAATATTTTTTCGTCATGACTAAGAGTAAGAAATACCATTTTTCATCATGTCCCAGGAGATAGATAGATAGATAGATAGATAGATAGATAGATAGATAGATCTGTGCATGCACATAGTAAAACTGAAAT",2739,177,"GAGAACAGACCCCCAAATCTCTGCAGGACAACTCATAAGAGTGGCTTTCAATATTTTTTCGTCATGACTAAGAGTAAGAAATACCATTTTTCATCATGTCCCAGGAGATAAATAGATAGATAGATAGATAGATAGATAGATAGATAGATAGATAGATCTGTGCATGCACATAGTAAAACTGAAAT",955,185,FALSE,FALSE,FALSE,11871,7804,3
"4-96-1-C","4","96","1","96","C","data/prepared/170922_M00281_0273_000000000-BBWWD_Multiplex-1stround-TZ096-ABC3_S15_L001_R1_001.fastq.gz","GAGAACAGACCCCCAAATCTCTGCAGGACAACTCATAAGAGTGGCTTTCAATATTTTTTCGTCATGACTAAGAGTAAGAAATACCATTTTTCATCATGTCCCAGGAGATAAATAGATAGATAGATAGATAGATAGATAGATAGATAGATAGATAGATCTGTGCATGCACATAGTAAAACTGAAAT",17170,185,,,,TRUE,TRUE,FALSE,115995,26868,1
"4-96-2-C","4","96","2","96","C","data/prepared/170925_M00281_0274_000000000-BBW8V_Multiplex-2ndround-TZ096-C_S123_L001_R1_001.fastq.gz","GAGAACAGACCCCCAAATCTCTGCAGGACAACTCATAAGAGTGGCTTTCAATATTTTTTCGTCATGACTAAGAGTAAGAAATACCATTTTTCATCATGTCCCAGGAGATAAATAGATAGATAGATAGATAGATAGATAGATAGATAGATAGATAGATCTGTGCATGCACATAGTAAAACTGAAAT",5362,185,,,,TRUE,TRUE,FALSE,11931,8469,1
"4-220-1-C","4","220","1","220","C","data/prepared/170922_M00281_0273_000000000-BBWWD_Multiplex-1stround-TZ220-ABC3_S16_L001_R1_001.fastq.gz","GAGAACAGACCCCCAAATCTCTGCAGGACAACTCATAAGAGTGGCTTTCAATATTTTTTCGTCATGACTAAGAGTAAGAAATACCATTTTTCATCATGTCCCAGGAGATAGATAGATAGATAGATAGATAGATAGATAGATAGATAGATCTGTGCATGCACATAGTAAAACTGAAAT",14533,177,,,,TRUE,TRUE,FALSE,93375,23791,1
"4-220-2-C","4","220","2","220","C","data/prepared/170925_M00281_0274_000000000-BBW8V_Multiplex-2ndround-TZ220-C_S124_L001_R1_001.fastq.gz","GAGAACAGACCCCCAAATCTCTGCAGGACAACTCATAAGAGTGGCTTTCAATATTTTTTCGTCATGACTAAGAGTAAGAAATACCATTTTTCATCATGTCCCAGGAGATAGATAGATAGATAGATAGATAGATAGATAGATAGATAGATCTGTGCATGCACATAGTAAAACTGAAAT",5691,177,,,,TRUE,TRUE,FALSE,14149,9102,1
"4-254-1-C","4","254","1","254","C","data/prepared/170922_M00281_0273_000000000-BBWWD_Multiplex-1stround-TZ254-ABC3_S17_L001_R1_001.fastq.gz","GAGAACAGACCCCCAAATCTCTGCAGGACAACTCATAAGAGTGGCTTTCAATATTTTTTCATCATGACTAAGAGTAAGAAATACCATTTTTCATCATGTCCCAGGAGATAAATAGATAGATAGATAGATAGATAGATAGATAGATAGATAGATAGATAGATAGATCTGTGCATGCACATAGTAAAACTGAAAT",6244,193,"GAGAACAGACCCCCAAATCTCTGCAGGACAACTCATAAGAGTGGCTTTCAATATTTTTTCGTCATGACTAAGAGTAAGAAATACCATTTTTCATCATGTCCCAGGAGATAAATAGATAGATAGATAGATAGATAGATAGATAGATAGATAGATAGATCTGTGCATGCACATAGTAAAACTGAAAT",2069,185,FALSE,FALSE,FALSE,128367,19375,3
"4-254-2-C","4","254","2","254","C","data/prepared/170925_M00281_0274_000000000-BBW8V_Multiplex-2ndround-TZ254-C_S125_L001_R1_001.fastq.gz","GAGAACAGACCCCCAAATCTCTGCAGGACAACTCATAAGAGTGGCTTTCAATATTTTTTCATCATGACTAAGAGTAAGAAATACCATTTTTCATCATGTCCCAGGAGATAAATAGATAGATAGATAGATAGATAGATAGATAGATAGATAGATAGATAGATAGATCTGTGCATGCACATAGTAAAACTGAAAT",2662,193,"GAGAACAGACCCCCAAATCTCTGCAGGACAACTCATAAGAGTGGCTTTCAATATTTTTTCATCATGACTAAGAGTAAGAAATACCATTTTTCATCATGTCCCAGGAGATAAATAGATAGATAGATAGATAGATAGATAGATAGATAGATAGATAGATCTGTGCATGCACATAGTAAAACTGAAAT",1403,185,FALSE,FALSE,FALSE,22673,9848,4
"4-259-1-C","4","259","1","259","C","data/prepared/170922_M00281_0273_000000000-BBWWD_Multiplex-1stround-TZ259-ABC3_S18_L001_R1_001.fastq.gz","GAGAACAGACCCCCAAATCTCTGCAGGACAACTCATAAGAGTGGCTTTCAATATTTTTTCGTCATGACTAAGAGTAAGAAATACCATTTTTCATCATGTCCCAGGAGATAGATAGATAGATAGATAGATAGATAGATAGATAGATAGATCTGTGCATGCACATAGTAAAACTGAAAT",12231,177,"GAGAACAGACCCCCAAATCTCTGCAGGACAACTCATAAGAGTGGCTTTCAATATTTTTTCGTCATGACTAAGAGTAAGAAATACCATTTTTCATCATGTCCCAGGAGATAAATAGATAGATAGATAGATAGATAGATAGATAGATAGATAGATAGATCTGTGCATGCACATAGTAAAACTGAAAT",7460,185,FALSE,FALSE,FALSE,176651,36996,2
"4-259-2-C","4","259","2","259","C","data/prepared/170925_M00281_0274_000000000-BBW8V_Multiplex-2ndround-TZ259-C_S126_L001_R1_001.fastq.gz","GAGAACAGACCCCCAAATCTCTGCAGGACAACTCATAAGAGTGGCTTTCAATATTTTTTCGTCATGACTAAGAGTAAGAAATACCATTTTTCATCATGTCCCAGGAGATAGATAGATAGATAGATAGATAGATAGATAGATAGATAGATCTGTGCATGCACATAGTAAAACTGAAAT",4853,177,"GAGAACAGACCCCCAAATCTCTGCAGGACAACTCATAAGAGTGGCTTTCAATATTTTTTCGTCATGACTAAGAGTAAGAAATACCATTTTTCATCATGTCCCAGGAGATAAATAGATAGATAGATAGATAGATAGATAGATAGATAGATAGATAGATCTGTGCATGCACATAGTAAAACTGAAAT",2147,185,FALSE,FALSE,FALSE,20527,14623,3
"4-260-1-C","4","260","1","260","C","data/prepared/170922_M00281_0273_000000000-BBWWD_Multiplex-1stround-TZ260-ABC3_S19_L001_R1_001.fastq.gz","GAGAACAGACCCCCAAATCTCTGCAGGACAACTCATAAGAGTGGCTTTCAATATTTTTTCGTCATGACTAAGAGTAAGAAATACCATTTTTCATCATGTCCCAGGAGATAGATAGATAGATAGATAGATAGATAGATAGATAGATAGATCTGTGCATGCACATAGTAAAACTGAAAT",10215,177,"GAGAACAGACCCCCAAATCTCTGCAGGACAACTCATAAGAGTGGCTTTCAATATTTTTTCGTCATGACTAAGAGTAAGAAATACCATTTTTCATCATGTCCCAGGAGATAGATAGATAGATAGATAGATAGATAGATAGATAGATAGATAGATCTGTGCATGCACATAGTAAAACTGAAAT",4637,181,FALSE,FALSE,FALSE,109281,23742,2
"4-260-2-C","4","260","2","260","C","data/prepared/170925_M00281_0274_000000000-BBW8V_Multiplex-2ndround-TZ260-C_S127_L001_R1_001.fastq.gz","GAGAACAGACCCCCAAATCTCTGCAGGACAACTCATAAGAGTGGCTTTCAATATTTTTTCGTCATGACTAAGAGTAAGAAATACCATTTTTCATCATGTCCCAGGAGATAGATAGATAGATAGATAGATAGATAGATAGATAGATAGATCTGTGCATGCACATAGTAAAACTGAAAT",5144,177,"GAGAACAGACCCCCAAATCTCTGCAGGACAACTCATAAGAGTGGCTTTCAATATTTTTTCGTCATGACTAAGAGTAAGAAATACCATTTTTCATCATGTCCCAGGAGATAGATAGATAGATAGATAGATAGATAGATAGATAGATAGATAGATCTGTGCATGCACATAGTAAAACTGAAAT",2341,181,FALSE,FALSE,FALSE,20855,11285,2
"4-263-1-C","4","263","1","263","C","data/prepared/170922_M00281_0273_000000000-BBWWD_Multiplex-1stround-TZ263-ABC3_S20_L001_R1_001.fastq.gz","GAGAACAGACCCCCAAATCTCTGCAGGACAACTCATAAGAGTGGCTTTCAATATTTTTTCGTCATGACTAAGAGTAAGAAATACCATTTTTCATCATGTCCCAGGAGATAGATAGATAGATAGATAGATAGATAGATAGATAGATAGATCTGTGCATGCACATAGTAAAACTGAAAT",9543,177,"GAGAACAGACCCCCAAATCTCTGCAGGACAACTCATAAGAGTGGCTTTCAATATTTTTTCATCATGACTAAGAGTAAGAAATACCATTTTTCATCATGTCCCAGGAGATAAATAGATAGATAGATGATAGATAGATAGATAGATAGATAGATCTGTGCATGCACATAGTAAAACTGAAAT",8617,180,FALSE,FALSE,FALSE,169895,44712,4
"4-263-2-C","4","263","2","263","C","data/prepared/170925_M00281_0274_000000000-BBW8V_Multiplex-2ndround-TZ263-C_S128_L001_R1_001.fastq.gz","GAGAACAGACCCCCAAATCTCTGCAGGACAACTCATAAGAGTGGCTTTCAATATTTTTTCGTCATGACTAAGAGTAAGAAATACCATTTTTCATCATGTCCCAGGAGATAGATAGATAGATAGATAGATAGATAGATAGATAGATAGATCTGTGCATGCACATAGTAAAACTGAAAT",1444,177,"GAGAACAGACCCCCAAATCTCTGCAGGACAACTCATAAGAGTGGCTTTCAATATTTTTTCATCATGACTAAGAGTAAGAAATACCATTTTTCATCATGTCCCAGGAGATAAATAGATAGATAGATGATAGATAGATAGATAGATAGATAGATCTGTGCATGCACATAGTAAAACTGAAAT",1229,180,FALSE,FALSE,FALSE,11939,9749,4
"4-264-1-C","4","264","1","264","C","data/prepared/170922_M00281_0273_000000000-BBWWD_Multiplex-1stround-TZ264-ABC3_S21_L001_R1_001.fastq.gz","GAGAACAGACCCCCAAATCTCTGCAGGACAACTCATAAGAGTGGCTTTCAATATTTTTTCGTCATGACTAAGAGTAAGAAATACCATTTTTCATCATGTCCCAGGAGATAAATAGATAGATAGATAGATAGATAGATAGATAGATAGATAGATAGATCTGTGCATGCACATAGTAAAACTGAAAT",7214,185,,,,TRUE,TRUE,FALSE,77326,11011,1
"4-264-2-C","4","264","2","264","C","data/prepared/170925_M00281_0274_000000000-BBW8V_Multiplex-2ndround-TZ264-C_S129_L001_R1_001.fastq.gz","GAGAACAGACCCCCAAATCTCTGCAGGACAACTCATAAGAGTGGCTTTCAATATTTTTTCGTCATGACTAAGAGTAAGAAATACCATTTTTCATCATGTCCCAGGAGATAAATAGATAGATAGATAGATAGATAGATAGATAGATAGATAGATAGATCTGTGCATGCACATAGTAAAACTGAAAT",3394,185,,,,TRUE,TRUE,FALSE,12172,5272,1
"4-271-1-C","4","271","1","271","C","data/prepared/170922_M00281_0273_000000000-BBWWD_Multiplex-1stround-TZ271-ABC3_S22_L001_R1_001.fastq.gz","GAGAACAGACCCCCAAATCTCTGCAGGACAACTCATAAGAGTGGCTTTCAATATTTTTTCGTCATGACTAAGAGTAAGAAATACCATTTTTCATCATGTCCCAGGAGATAGATAGATAGATAGATAGATAGATAGATAGATAGATAGATCTGTGCATGCACATAGTAAAACTGAAAT",12796,177,"GAGAACAGACCCCCAAATCTCTGCAGGACAACTCATAAGAGTGGCTTTCAATATTTTTTCGTCATGACTAAGAGTAAGAAATACCATTTTTCATCATGTCCCAGGAGATAAATAGATAGATAGATAGATAGATAGATAGATAGATAGATAGATCTGTGCATGCACATAGTAAAACTGAAAT",9334,181,FALSE,FALSE,FALSE,183150,39468,2
"4-271-2-C","4","271","2","271","C","data/prepared/170925_M00281_0274_000000000-BBW8V_Multiplex-2ndround-TZ271-C_S130_L001_R1_001.fastq.gz","GAGAACAGACCCCCAAATCTCTGCAGGACAACTCATAAGAGTGGCTTTCAATATTTTTTCGTCATGACTAAGAGTAAGAAATACCATTTTTCATCATGTCCCAGGAGATAGATAGATAGATAGATAGATAGATAGATAGATAGATAGATCTGTGCATGCACATAGTAAAACTGAAAT",3429,177,"GAGAACAGACCCCCAAATCTCTGCAGGACAACTCATAAGAGTGGCTTTCAATATTTTTTCGTCATGACTAAGAGTAAGAAATACCATTTTTCATCATGTCCCAGGAGATAAATAGATAGATAGATAGATAGATAGATAGATAGATAGATAGATCTGTGCATGCACATAGTAAAACTGAAAT",1954,181,FALSE,FALSE,FALSE,14488,10727,3
"4-320-1-C","4","320","1","320","C","data/prepared/170922_M00281_0273_000000000-BBWWD_Multiplex-1stround-TZ320-ABC3_S23_L001_R1_001.fastq.gz","GAGAACAGACCCCCAAATCTCTGCAGGACAACTCATAAGAGTGGCTTTCAATATTTTTTCGTCATGACTAAGAGTAAGAAATACCATTTTTCATCATGTCCCAGGAGATAAATAGATAGATAGATAGATAGATAGATAGATAGATAGATAGATAGATCTGTGCATGCACATAGTAAAACTGAAAT",7913,185,"GAGAACAGACCCCCAAATCTCTGCAGGACAACTCATAAGAGTGGCTTTCAATATTTTTTCATCATGACTAAGAGTAAGAAATACCATTTTTCATCATGTCCCAGGAGATAAATAGATAGATAGATAGATAGATAGATAGATAGATAGATAGATAGATAGATAGATCTGTGCATGCACATAGTAAAACTGAAAT",3587,193,FALSE,FALSE,FALSE,145931,27817,4
"4-320-2-C","4","320","2","320","C","data/prepared/170925_M00281_0274_000000000-BBW8V_Multiplex-2ndround-TZ320-C_S131_L001_R1_001.fastq.gz","GAGAACAGACCCCCAAATCTCTGCAGGACAACTCATAAGAGTGGCTTTCAATATTTTTTCGTCATGACTAAGAGTAAGAAATACCATTTTTCATCATGTCCCAGGAGATAAATAGATAGATAGATAGATAGATAGATAGATAGATAGATAGATAGATCTGTGCATGCACATAGTAAAACTGAAAT",2766,185,"GAGAACAGACCCCCAAATCTCTGCAGGACAACTCATAAGAGTGGCTTTCAATATTTTTTCATCATGACTAAGAGTAAGAAATACCATTTTTCATCATGTCCCAGGAGATAAATAGATAGATAGATAGATAGATAGATAGATAGATAGATAGATAGATCTGTGCATGCACATAGTAAAACTGAAAT",1653,185,FALSE,FALSE,FALSE,17302,10608,4
"4-336-1-C","4","336","1","336","C","data/prepared/170922_M00281_0273_000000000-BBWWD_Multiplex-1stround-TZ336-ABC3_S24_L001_R1_001.fastq.gz","GAGAACAGACCCCCAAATCTCTGCAGGACAACTCATAAGAGTGGCTTTCAATATTTTTTCATCATGACTAAGAGTAAGAAATACCATTTTTCATCATGTCCCAGGAGATAAATAGATAGATAGATGATAGATAGATAGATAGATAGATAGATCTGTGCATGCACATAGTAAAACTGAAAT",5260,180,"GAGAACAGACCCCCAAATCTCTGCAGGACAACTCATAAGAGTGGCTTTCAATATTTTTTCGTCATGACTAAGAGTAAGAAATACCATTTTTCATCATGTCCCAGGAGATAAATAGATAGATAGATAGATAGATAGATAGATAGATAGATAGATAGATCTGTGCATGCACATAGTAAAACTGAAAT",2710,185,FALSE,FALSE,FALSE,103718,19621,4
"4-336-2-C","4","336","2","336","C","data/prepared/170925_M00281_0274_000000000-BBW8V_Multiplex-2ndround-TZ336-C_S132_L001_R1_001.fastq.gz","GAGAACAGACCCCCAAATCTCTGCAGGACAACTCATAAGAGTGGCTTTCAATATTTTTTCATCATGACTAAGAGTAAGAAATACCATTTTTCATCATGTCCCAGGAGATAAATAGATAGATAGATGATAGATAGATAGATAGATAGATAGATCTGTGCATGCACATAGTAAAACTGAAAT",2688,180,"GAGAACAGACCCCCAAATCTCTGCAGGACAACTCATAAGAGTGGCTTTCAATATTTTTTCGTCATGACTAAGAGTAAGAAATACCATTTTTCATCATGTCCCAGGAGATAAATAGATAGATAGATGATAGATAGATAGATAGATAGATAGATCTGTGCATGCACATAGTAAAACTGAAAT",1924,180,FALSE,FALSE,FALSE,16558,11823,4
"4-37-1-D","4","37","1","37","D","data/prepared/170922_M00281_0273_000000000-BBWWD_Multiplex-1stround-TZ037-D124_S1_L001_R1_001.fastq.gz","TCAGAGGACCACTGCCTAAGGAATTCACTCACGGAGCATAGATATATAAGTATATGCTCTATCTCTATCTATCATTATCTATCTACCTGCCTACCTATCTATTGATTATCTATATCTATCTATCTATCTATCTATCATCTATCTATCTATCTATCTATCTATCATCTATCTATCTATCTTTAAGATGGCTTAAGGATGGCCACCTTCTTGCTATGTCCTTGTGTGGCTGTGAAAAGAAGCTCTGGTGTTTCTTGCTCTTCTTATATAGGCACAAATCCCATCAG",307,284,"TCAGAGGACCACTGCCTAAGGAATTCACTCACGGAGCATACATATATAAGTATATGCTCTATCTCTATCTATCATTATCTATCTACCTGCCTACCTATCTATTGATTATCTATATCTATCTGTCTATCTATCTATCTATCATCTATCTATCTATCTATCTATCTATCTATCATCTATCTATCTATCTATCTTTAAGATGGCTTAAGGATGGCCACCTTCTTGCTATGTCCTTGTGTGGCTGTGAAAAGAAGCTCTGGTGTTTCTTGCTCTTCTTATATAGGCACAAATCCCATCAG",212,296,FALSE,FALSE,FALSE,51077,2061,4
"4-37-2-D","4","37","2","37","D","data/prepared/170925_M00281_0274_000000000-BBW8V_Multiplex-2ndround-TZ037-D_S133_L001_R1_001.fastq.gz","TCAGAGGACCACTGCCTAAGGAATTCACTCACGGAGCATAGATATATAAGTATATGCTCTATCTCTATCTATCATTATCTATCTACCTGCCTACCTATCTATTGATTATCTATATCTATCTATCTATCTATCTATCATCTATCTATCTATCTATCTATCTATCATCTATCTATCTATCTTTAAGATGGCTTAAGGATGGCCACCTTCTTGCTATGTCCTTGTGTGGCTGTGAAAAGAAGCTCTGGTGTTTCTTGCTCTTCTTATATAGGCACAAATCCCATCAG",80,284,"TCAGAGGACCACTGCCTAAGGAATTCACTCACGGAGCATACATATATAAGTATATGCTCTATCTCTATCTATCATTATCTATCTACCTGCCTACCTATCTATTGATTATCTATATCTATCTATCTATCTATCTATCATCTATCTATCTATCTATCTATCTATCATCTATCTATCTATCTTTAAGATGGCTTAAGGATGGCCACCTTCTTGCTATGTCCTTGTGTGGCTGTGAAAAGAAGCTCTGGTGTTTCTTGCTCTTCTTATATAGGCACAAATCCCATCAG",66,284,FALSE,FALSE,FALSE,6345,730,4
"4-60-1-D","4","60","1","60","D","data/prepared/170922_M00281_0273_000000000-BBWWD_Multiplex-1stround-TZ060-D124_S2_L001_R1_001.fastq.gz","TCAGAGGACCACTGCCTAAGGAATTCACTCACGGAGCATAGATATATAAGTATATGCTCTATCTCTATCTATCATTATCTATCTACCTGCCTACCTATCTATTGATTATCTATATCTATCTATCTATCTATCTATCATCTATCTATCTATCTATCTATCTATCATCTATCTATCTATCTTTAAGATGGCTTAAGGATGGCCACCTTCTTGCTATGTCCTTGTGTGGCTGTGAAAAGAAGCTCTGGTGTTTCTTGCTCTTCTTATATAGGCACAAATCCCATCAG",3020,284,"TCAGAGGACCACTGCCTAAGGAATTCACTCACGGAGCATACATATATAAGTATATGCTCTATCTCTATCTATCATTATCTATCTACCTGCCTACCTATCTATTGATTATCTATATCTATCTGTCTATCTATCTATCTATCATCTATCTATCTATCTATCTATCTATCATCTATCTATCTATCTTTAAGATGGCTTAAGGATGGCCACCTTCTTGCTATGTCCTTGTGTGGCTGTGAAAAGAAGCTCTGGTGTTTCTTGCTCTTCTTATATAGGCACAAATCCCATCAG",2469,288,FALSE,FALSE,FALSE,57835,18166,4
"4-60-2-D","4","60","2","60","D","data/prepared/170925_M00281_0274_000000000-BBW8V_Multiplex-2ndround-TZ060-D_S134_L001_R1_001.fastq.gz","TCAGAGGACCACTGCCTAAGGAATTCACTCACGGAGCATAGATATATAAGTATATGCTCTATCTCTATCTATCATTATCTATCTACCTGCCTACCTATCTATTGATTATCTATATCTATCTATCTATCTATCTATCATCTATCTATCTATCTATCTATCTATCATCTATCTATCTATCTTTAAGATGGCTTAAGGATGGCCACCTTCTTGCTATGTCCTTGTGTGGCTGTGAAAAGAAGCTCTGGTGTTTCTTGCTCTTCTTATATAGGCACAAATCCCATCAG",90,284,"TCAGAGGACCACTGCCTAAGGAATTCACTCACGGAGCATACATATATAAGTATATGCTCTATCTCTATCTATCATTATCTATCTACCTGCCTACCTATCTATTGATTATCTATATCTATCTGTCTATCTATCTATCTATCATCTATCTATCTATCTATCTATCTATCATCTATCTATCTATCTTTAAGATGGCTTAAGGATGGCCACCTTCTTGCTATGTCCTTGTGTGGCTGTGAAAAGAAGCTCTGGTGTTTCTTGCTCTTCTTATATAGGCACAAATCCCATCAG",73,288,FALSE,FALSE,FALSE,3773,563,4
"4-96-1-D","4","96","1","96","D","data/prepared/170922_M00281_0273_000000000-BBWWD_Multiplex-1stround-TZ096-D124_S3_L001_R1_001.fastq.gz","TCAGAGGACCACTGCCTAAGGAATTCACTCACGGAGCATACATATATAAGTATATGCTCTATCTCTATCTATCATTATCTATCTACCTGCCTACCTATCTATTGATTATCTATATCTATCTGTCTATCTATCTATCTATCATCTATCTATCTATCTATCTATCTATCATCTATCTATCTATCTTTAAGATGGCTTAAGGATGGCCACCTTCTTGCTATGTCCTTGTGTGGCTGTGAAAAGAAGCTCTGGTGTTTCTTGCTCTTCTTATATAGGCACAAATCCCATCAG",3417,288,"TCAGAGGACCACTGCCTAAGGAATTCACTCACGGAGCATACATATATAAGTATATGCTCTATCTCTATCTATCATTATCTATCTACCTGCCTACCTATCTATTGATTATCTATATCTATCTGTCTATCTATCTATTATCTATCTATCTATCTATCTATCTATCTATCTATCTATCTATCTTTAAGATGGCTTAAGGATGGCCACCTTCTTGCTATGTCCTTGTGTGGCTGTGAAAAGAAGCTCTGGTGTTTCTTGCTCTTCTTATATAGGCACAAATCCCATCAG",3194,285,FALSE,FALSE,FALSE,51068,15116,2
"4-96-2-D","4","96","2","96","D","data/prepared/170925_M00281_0274_000000000-BBW8V_Multiplex-2ndround-TZ096-D_S135_L001_R1_001.fastq.gz",,,,,,,FALSE,FALSE,FALSE,503,137,3
"4-220-1-D","4","220","1","220","D","data/prepared/170922_M00281_0273_000000000-BBWWD_Multiplex-1stround-TZ220-D124_S4_L001_R1_001.fastq.gz","TCAGAGGACCACTGCCTAAGGAATTCACTCACGGAGCATACATATATAAGTATATGCTCTATCTCTATCTATCATTATCTATCTACCTGCCTACCTATCTATTGATTATCTATATCTATCTGTCTATCTATCTATCTATCATCTATCTATCTATCTATCTATCTATCATCTATCTATCTATCTTTAAGATGGCTTAAGGATGGCCACCTTCTTGCTATGTCCTTGTGTGGCTGTGAAAAGAAGCTCTGGTGTTTCTTGCTCTTCTTATATAGGCACAAATCCCATCAG",5895,288,"TCAGAGGACCACTGCCTAAGGAATTCACTCACGGAGCATACATATATAAGTATATGCTCTATCTCTATCTATCATTATCTATCTACCTGCCTACCTATCTATTGATTATCTATATCTATCTGTCTATCTATCTATTATCTATCTATCTATCTATCTATCTATCTATCTATCTATCTATCTTTAAGATGGCTTAAGGATGGCCACCTTCTTGCTATGTCCTTGTGTGGCTGTGAAAAGAAGCTCTGGTGTTTCTTGCTCTTCTTATATAGGCACAAATCCCATCAG",1405,285,FALSE,FALSE,FALSE,66836,15851,2
"4-220-2-D","4","220","2","220","D","data/prepared/170925_M00281_0274_000000000-BBW8V_Multiplex-2ndround-TZ220-D_S136_L001_R1_001.fastq.gz","TCAGAGGACCACTGCCTAAGGAATTCACTCACGGAGCATACATATATAAGTATATGCTCTATCTCTATCTATCATTATCTATCTACCTGCCTACCTATCTATTGATTATCTATATCTATCTGTCTATCTATCTATCTATCATCTATCTATCTATCTATCTATCTATCATCTATCTATCTATCTTTAAGATGGCTTAAGGATGGCCACCTTCTTGCTATGTCCTTGTGTGGCTGTGAAAAGAAGCTCTGGTGTTTCTTGCTCTTCTTATATAGGCACAAATCCCATCAG",238,288,,,,TRUE,FALSE,FALSE,6850,639,1
"4-254-1-D","4","254","1","254","D","data/prepared/170922_M00281_0273_000000000-BBWWD_Multiplex-1stround-TZ254-D124_S5_L001_R1_001.fastq.gz","TCAGAGGACCACTGCCTAAGGAATTCACTCACGGAGCATACATATATAAGTATATGCTCTATCTCTATCTATCATTATCTATCTACCTGCCTACCTATCTATTGATTATCTATATCTATCTGTCTATCTATCTATCTATTATCTATCTATCTATCTATCTATCTATCTATCTATCTATCTATCTATCTATCTTTAAGATGGCTTAAGGATGGCCACCTTCTTGCTATGTCCTTGTGTGGCTGTGAAAAGAAGCTCTGGTGTTTCTTGCTCTTCTTATATAGGCACAAATCCCATCAG",3303,297,"TCAGAGGACCACTGCCTAAGGAATTCACTCACGGAGCATACATATATAAGTATATGCTCTATCTCTATCTATCATTATCTATCTACCTGCCTACCTATCTATTGATTATCTATATCTATCTGTCTATCTATCTATCTATTATCTATCTATCTATCTATCTATCTATCTATCTATCTATCTATCTATCTATCTATCTTTAAGATGGCTTAAGGATGGCCACCTTCTTGCTATGTCCTTGTGTGGCTGTGAAAAGAAGCTCTGGTGTTTCTTGCTCTTCTTATATAGGCACAAATCCCATCAG",3287,301,FALSE,FALSE,FALSE,68571,15939,2
"4-254-2-D","4","254","2","254","D","data/prepared/170925_M00281_0274_000000000-BBW8V_Multiplex-2ndround-TZ254-D_S137_L001_R1_001.fastq.gz",,,,,,,FALSE,FALSE,FALSE,1682,248,2
"4-259-1-D","4","259","1","259","D","data/prepared/170922_M00281_0273_000000000-BBWWD_Multiplex-1stround-TZ259-D124_S6_L001_R1_001.fastq.gz","TCAGAGGACCACTGCCTAAGGAATTCACTCACGGAGCATACATATATAAGTATATGCTCTATCTCTATCTATCATTATCTATCTACCTGCCTACCTATCTATTGATTATCTATATCTATCTGTCTATCTATCTATCTATTATCTATCTATCTATCTATCTATCTAAGATGGCTTAAGGATGGCCACCTTCTTGCTATGTCCTTGTGTGGCTGTGAAAAGAAGCTCTGGTGTTTCTTGCTCTTCTTATATAGGCACAAATCCCATCAG",6144,267,"TCAGAGGACCACTGCCTAAGGAATTCACTCACGGAGCATAGATATATAAGTATATGCTCTATCTCTATCTATCATTATCTATCTACCTGCCTACCTATCTATTGATTATCTATATCTATCTGTCTATCTATCTATCTATTATCTATCTATCTATCTATCTATCTAAGATGGCTTAAGGATGGCCACCTTCTTGCTATGTCCTTGTGTGGCTGTGAAAAGAAGCTCTGGTGTTTCTTGCTCTTCTTATATAGGCACAAATCCCATCAG",3331,267,FALSE,FALSE,FALSE,103865,30871,4
"4-259-2-D","4","259","2","259","D","data/prepared/170925_M00281_0274_000000000-BBW8V_Multiplex-2ndround-TZ259-D_S138_L001_R1_001.fastq.gz","TCAGAGGACCACTGCCTAAGGAATTCACTCACGGAGCATACATATATAAGTATATGCTCTATCTCTATCTATCATTATCTATCTACCTGCCTACCTATCTATTGATTATCTATATCTATCTGTCTATCTATCTATCTATTATCTATCTATCTATCTATCTATCTAAGATGGCTTAAGGATGGCCACCTTCTTGCTATGTCCTTGTGTGGCTGTGAAAAGAAGCTCTGGTGTTTCTTGCTCTTCTTATATAGGCACAAATCCCATCAG",525,267,"TCAGAGGACCACTGCCTAAGGAATTCACTCACGGAGCATAGATATATAAGTATATGCTCTATCTCTATCTATCATTATCTATCTACCTGCCTACCTATCTATTGATTATCTATATCTATCTGTCTATCTATCTATCTATTATCTATCTATCTATCTATCTATCTAAGATGGCTTAAGGATGGCCACCTTCTTGCTATGTCCTTGTGTGGCTGTGAAAAGAAGCTCTGGTGTTTCTTGCTCTTCTTATATAGGCACAAATCCCATCAG",311,267,FALSE,FALSE,FALSE,16820,2594,4
"4-260-1-D","4","260","1","260","D","data/prepared/170922_M00281_0273_000000000-BBWWD_Multiplex-1stround-TZ260-D124_S7_L001_R1_001.fastq.gz","TCAGAGGACCACTGCCTAAGGAATTCACTCACGGAGCATAGATATATAAGTATATGCTCTATCTCTATCTATCATTATCTATCTACCTGCCTACCTATCTATTGATTATCTATATCTATCTATCTATCTATCTATCATCTATCTATCTATCTATCTATCTATCATCTATCTATCTATCTTTAAGATGGCTTAAGGATGGCCACCTTCTTGCTATGTCCTTGTGTGGCTGTGAAAAGAAGCTCTGGTGTTTCTTGCTCTTCTTATATAGGCACAAATCCCATCAG",1931,284,"TCAGAGGACCACTGCCTAAGGAATTCACTCACGGAGCATACATATATAAGTATATGCTCTATCTCTATCTATCATTATCTATCTACCTGCCTACCTATCTATTGATTATCTATATCTATCTGTCTATCTATCTATCTATCATCTATCTATCTATCTATCTATCTATCTATCATCTATCTATCTATCTATCTTTAAGATGGCTTAAGGATGGCCACCTTCTTGCTATGTCCTTGTGTGGCTGTGAAAAGAAGCTCTGGTGTTTCTTGCTCTTCTTATATAGGCACAAATCCCATCAG",1838,296,FALSE,FALSE,FALSE,155608,13246,4
"4-260-2-D","4","260","2","260","D","data/prepared/170925_M00281_0274_000000000-BBW8V_Multiplex-2ndround-TZ260-D_S139_L001_R1_001.fastq.gz","TCAGAGGACCACTGCCTAAGGAATTCACTCACGGAGCATAGATATATAAGTATATGCTCTATCTCTATCTATCATTATCTATCTACCTGCCTACCTATCTATTGATTATCTATATCTATCTATCTATCTATCTATCATCTATCTATCTATCTATCTATCTATCATCTATCTATCTATCTTTAAGATGGCTTAAGGATGGCCACCTTCTTGCTATGTCCTTGTGTGGCTGTGAAAAGAAGCTCTGGTGTTTCTTGCTCTTCTTATATAGGCACAAATCCCATCAG",50,284,"TCAGAGGACCACTGCCTAAGGAATTCACTCACGGAGCATACATATATAAGTATATGCTCTATCTCTATCTATCATTATCTATCTACCTGCCTACCTATCTATTGATTATCTATATCTATCTATCTATCTATCTATCATCTATCTATCTATCTATCTATCTATCATCTATCTATCTATCTTTAAGATGGCTTAAGGATGGCCACCTTCTTGCTATGTCCTTGTGTGGCTGTGAAAAGAAGCTCTGGTGTTTCTTGCTCTTCTTATATAGGCACAAATCCCATCAG",47,284,FALSE,FALSE,FALSE,4404,553,2
"4-263-1-D","4","263","1","263","D","data/prepared/170922_M00281_0273_000000000-BBWWD_Multiplex-1stround-TZ263-D124_S8_L001_R1_001.fastq.gz","TCAGAGGACCACTGCCTAAGGAATTCACTCACGGAGCATACATATATAAGTATATGCTCTATCTCTATCTATCATTATCTATCTACCTGCCTACCTATCTATTGATTATCTATATCTATCTGTCTATCTATCTATCTATTATCTATCTATCTATCTATCTATCTAAGATGGCTTAAGGATGGCCACCTTCTTGCTATGTCCTTGTGTGGCTGTGAAAAGAAGCTCTGGTGTTTCTTGCTCTTCTTATATAGGCACAAATCCCATCAG",8642,267,"TCAGAGGACCACTGCCTAAGGAATTCACTCACGGAGCATACATATATAAGTATATGCTCTATCTCTATCTATCATTATCTATCTACCTGCCTACCTATCTATTGATTATCTATATCTATCTGTCTATCTATCTATTATCTATCTATCTATCTATCTATCTATCTATCTATCTATCTATCTTTAAGATGGCTTAAGGATGGCCACCTTCTTGCTATGTCCTTGTGTGGCTGTGAAAAGAAGCTCTGGTGTTTCTTGCTCTTCTTATATAGGCACAAATCCCATCAG",2963,285,FALSE,FALSE,FALSE,104576,24628,2
"4-263-2-D","4","263","2","263","D","data/prepared/170925_M00281_0274_000000000-BBW8V_Multiplex-2ndround-TZ263-D_S140_L001_R1_001.fastq.gz","TCAGAGGACCACTGCCTAAGGAATTCACTCACGGAGCATACATATATAAGTATATGCTCTATCTCTATCTATCATTATCTATCTACCTGCCTACCTATCTATTGATTATCTATATCTATCTGTCTATCTATCTATCTATTATCTATCTATCTATCTATCTATCTAAGATGGCTTAAGGATGGCCACCTTCTTGCTATGTCCTTGTGTGGCTGTGAAAAGAAGCTCTGGTGTTTCTTGCTCTTCTTATATAGGCACAAATCCCATCAG",1026,267,"TCAGAGGACCACTGCCTAAGGAATTCACTCACGGAGCATACATATATAAGTATATGCTCTATCTCTATCTATCATTATCTATCTACCTGCCTACCTATCTATTGATTATCTATATCTATCTGTCTATCTATCTATTATCTATCTATCTATCTATCTATCTATCTATCTATCTATCTATCTTTAAGATGGCTTAAGGATGGCCACCTTCTTGCTATGTCCTTGTGTGGCTGTGAAAAGAAGCTCTGGTGTTTCTTGCTCTTCTTATATAGGCACAAATCCCATCAG",185,285,FALSE,FALSE,FALSE,18005,2384,2
"4-264-1-D","4","264","1","264","D","data/prepared/170922_M00281_0273_000000000-BBWWD_Multiplex-1stround-TZ264-D124_S9_L001_R1_001.fastq.gz","TCAGAGGACCACTGCCTAAGGAATTCACTCACGGAGCATACATATATAAGTATATGCTCTATCTCTATCTATCATTATCTATCTACCTGCCTACCTATCTATTGATTATCTATATCTATCTGTCTATCTATCTATCTATCATCTATCTATCTATCTATCTATCTATCATCTATCTATCTATCTTTAAGATGGCTTAAGGATGGCCACCTTCTTGCTATGTCCTTGTGTGGCTGTGAAAAGAAGCTCTGGTGTTTCTTGCTCTTCTTATATAGGCACAAATCCCATCAG",4530,288,"TCAGAGGACCACTGCCTAAGGAATTCACTCACGGAGCATACATATATAAGTATATGCTCTATCTCTATCTATCATTATCTATCTACCTGCCTACCTATCTATTGATTATCTATATCTATCTGTCTATCTATCTATCTATTATCTATCTATCTATCTATCTATCTATCTATCTATCTATCTATCTATCTATCTTTAAGATGGCTTAAGGATGGCCACCTTCTTGCTATGTCCTTGTGTGGCTGTGAAAAGAAGCTCTGGTGTTTCTTGCTCTTCTTATATAGGCACAAATCCCATCAG",747,297,FALSE,FALSE,FALSE,69106,10446,2
"4-264-2-D","4","264","2","264","D","data/prepared/170925_M00281_0274_000000000-BBW8V_Multiplex-2ndround-TZ264-D_S141_L001_R1_001.fastq.gz",,,,,,,FALSE,FALSE,FALSE,413,48,1
"4-271-1-D","4","271","1","271","D","data/prepared/170922_M00281_0273_000000000-BBWWD_Multiplex-1stround-TZ271-D124_S10_L001_R1_001.fastq.gz","TCAGAGGACCACTGCCTAAGGAATTCACTCACGGAGCATAGATATATAAGTATATGCTCTATCTCTATCTATCATTATCTATCTACCTGCCTACCTATCTATTGATTATCTATATCTATCTATCTATCTATCTATCATCTATCTATCTATCTATCTATCTATCATCTATCTATCTATCTTTAAGATGGCTTAAGGATGGCCACCTTCTTGCTATGTCCTTGTGTGGCTGTGAAAAGAAGCTCTGGTGTTTCTTGCTCTTCTTATATAGGCACAAATCCCATCAG",5140,284,"TCAGAGGACCACTGCCTAAGGAATTCACTCACGGAGCATACATATATAAGTATATGCTCTATCTCTATCTATCATTATCTATCTACCTGCCTACCTATCTATTGATTATCTATATCTATCTGTCTATCTATCTATCTATCATCTATCTATCTATCTATCTATCTATCATCTATCTATCTATCTTTAAGATGGCTTAAGGATGGCCACCTTCTTGCTATGTCCTTGTGTGGCTGTGAAAAGAAGCTCTGGTGTTTCTTGCTCTTCTTATATAGGCACAAATCCCATCAG",4485,288,FALSE,FALSE,FALSE,92122,31088,4
"4-271-2-D","4","271","2","271","D","data/prepared/170925_M00281_0274_000000000-BBW8V_Multiplex-2ndround-TZ271-D_S142_L001_R1_001.fastq.gz",,,,,,,FALSE,FALSE,FALSE,2333,319,4
"4-320-1-D","4","320","1","320","D","data/prepared/170922_M00281_0273_000000000-BBWWD_Multiplex-1stround-TZ320-D124_S11_L001_R1_001.fastq.gz","TCAGAGGACCACTGCCTAAGGAATTCACTCACGGAGCATACATATATAAGTATATGCTCTATCTCTATCTATCATTATCTATCTACCTGCCTACCTATCTATTGATTATCTATATCTATCTGTCTATCTATCTATCTATTATCTATCTATCTATCTATCTATCTAAGATGGCTTAAGGATGGCCACCTTCTTGCTATGTCCTTGTGTGGCTGTGAAAAGAAGCTCTGGTGTTTCTTGCTCTTCTTATATAGGCACAAATCCCATCAG",16937,267,"TCAGAGGACCACTGCCTAAGGAATTCACTCACGGAGCATACATATATAAGTATATGCTCTATCTCTATCTATCATTATCTATCTACCTGCCTACCTATCTATTGATTATCTATATCTATCTGTCTATCTATCTATCTATTATCTATCTATCTATCTATCTATCTATCTATCTATCTATCTATCTTTAAGATGGCTTAAGGATGGCCACCTTCTTGCTATGTCCTTGTGTGGCTGTGAAAAGAAGCTCTGGTGTTTCTTGCTCTTCTTATATAGGCACAAATCCCATCAG",2967,289,FALSE,FALSE,FALSE,96483,33859,2
"4-320-2-D","4","320","2","320","D","data/prepared/170925_M00281_0274_000000000-BBW8V_Multiplex-2ndround-TZ320-D_S143_L001_R1_001.fastq.gz","TCAGAGGACCACTGCCTAAGGAATTCACTCACGGAGCATACATATATAAGTATATGCTCTATCTCTATCTATCATTATCTATCTACCTGCCTACCTATCTATTGATTATCTATATCTATCTGTCTATCTATCTATCTATTATCTATCTATCTATCTATCTATCTAAGATGGCTTAAGGATGGCCACCTTCTTGCTATGTCCTTGTGTGGCTGTGAAAAGAAGCTCTGGTGTTTCTTGCTCTTCTTATATAGGCACAAATCCCATCAG",383,267,,,,TRUE,FALSE,FALSE,1016,686,1
"4-336-1-D","4","336","1","336","D","data/prepared/170922_M00281_0273_000000000-BBWWD_Multiplex-1stround-TZ336-D124_S12_L001_R1_001.fastq.gz","TCAGAGGACCACTGCCTAAGGAATTCACTCACGGAGCATAGATATATAAGTATATGCTCTATCTCTATCTATCATTATCTATCTACCTGCCTACCTATCTATTGATTATCTATATCTATCTATCTATCTATCTATCATCTATCTATCTATCTATCTATCTATCATCTATCTATCTATCTTTAAGATGGCTTAAGGATGGCCACCTTCTTGCTATGTCCTTGTGTGGCTGTGAAAAGAAGCTCTGGTGTTTCTTGCTCTTCTTATATAGGCACAAATCCCATCAG",277,284,"TCAGAGGACCACTGCCTAAGGAATTCACTCACGGAGCATACATATATAAGTATATGCTCTATCTCTATCTATCATTATCTATCTACCTGCCTACCTATCTATTGATTATCTATATCTATCTGTCTATCTATCTATTATCTATCTATCTATCTATCTATCTATCTATCTATCTATCTATCTTTAAGATGGCTTAAGGATGGCCACCTTCTTGCTATGTCCTTGTGTGGCTGTGAAAAGAAGCTCTGGTGTTTCTTGCTCTTCTTATATAGGCACAAATCCCATCAG",188,285,FALSE,FALSE,FALSE,9277,2070,4
"4-336-2-D","4","336","2","336","D","data/prepared/170925_M00281_0274_000000000-BBW8V_Multiplex-2ndround-TZ336-D_S144_L001_R1_001.fastq.gz","TCAGAGGACCACTGCCTAAGGAATTCACTCACGGAGCATAGATATATAAGTATATGCTCTATCTCTATCTATCATTATCTATCTACCTGCCTACCTATCTATTGATTATCTATATCTATCTATCTATCTATCTATCATCTATCTATCTATCTATCTATCTATCATCTATCTATCTATCTTTAAGATGGCTTAAGGATGGCCACCTTCTTGCTATGTCCTTGTGTGGCTGTGAAAAGAAGCTCTGGTGTTTCTTGCTCTTCTTATATAGGCACAAATCCCATCAG",72,284,"TCAGAGGACCACTGCCTAAGGAATTCACTCACGGAGCATACATATATAAGTATATGCTCTATCTCTATCTATCATTATCTATCTACCTGCCTACCTATCTATTGATTATCTATATCTATCTATCTATCTATCTATCATCTATCTATCTATCTATCTATCTATCATCTATCTATCTATCTTTAAGATGGCTTAAGGATGGCCACCTTCTTGCTATGTCCTTGTGTGGCTGTGAAAAGAAGCTCTGGTGTTTCTTGCTCTTCTTATATAGGCACAAATCCCATCAG",63,284,FALSE,FALSE,FALSE,4022,638,6
"4-37-1-1","4","37","1","37","1","data/prepared/170922_M00281_0273_000000000-BBWWD_Multiplex-1stround-TZ037-D124_S1_L001_R1_001.fastq.gz","AGACAGTCAAGAATAACTGCCCTAAAATAATAAGAAAGCTGAATCAATTAATTGGAATGTCTATCTCACTATCTATCTATGTGTCTATCTATCTATCTATCTATCATCTATCATCTATCTATCTATCTATCTATCTATCTATCTATCTATCTATCTATCTGTGTATTAGCTCAGAAGAATTCCCTTTGGAAATTGTCATGTTATCCCATTCATTCAGCTTTTGAGCCACAG",1374,231,"AGACAGTCAAGAATAACTGCCCTAAAATAATAAGAAAGCTGAATCAATTAATTGGAATGTCTATCTCACTATCTATCTATGTGTCTATCTATCTATCTATCTATCTATCTATCTATCTATCTATCTATCTATCTATCATCTATCATCTATCTATCTATCTATCTATCTATCTATCTATCTATCTATCTGTGTATTAGCTCAGAAGAATTCCCTTTGGAAATTGTCATGTTATCCCATTCATTCAGCTTTTGAGCCACAG",225,259,FALSE,TRUE,FALSE,51077,4018,2
"4-37-2-1","4","37","2","37","1","data/prepared/170925_M00281_0274_000000000-BBW8V_Multiplex-2ndround-TZ037-1_S145_L001_R1_001.fastq.gz","AGACAGTCAAGAATAACTGCCCTAAAATAATAAGAAAGCTGAATCAATTAATTGGAATGTCTATCTCACTATCTATCTATGTGTCTATCTATCTATCTATCTATCATCTATCATCTATCTATCTATCTATCTATCTATCTATCTATCTATCTATCTATCTGTGTATTAGCTCAGAAGAATTCCCTTTGGAAATTGTCATGTTATCCCATTCATTCAGCTTTTGAGCCACAG",570,231,,,,TRUE,TRUE,FALSE,3998,1520,1
"4-60-1-1","4","60","1","60","1","data/prepared/170922_M00281_0273_000000000-BBWWD_Multiplex-1stround-TZ060-D124_S2_L001_R1_001.fastq.gz","AGACAGTCAAGAATAACTGCCCTAAAATAATAAGAAAGCTGAATCAATTAATTGGAATGTCTATCTCACTATCTATCTATGTGTCTATCTATCTATCTATCTATCATCTATCATCTATCTATCTATCTATCTATCTATCTATCTATCTATCTATCTATCTGTGTATTAGCTCAGAAGAATTCCCTTTGGAAATTGTCATGTTATCCCATTCATTCAGCTTTTGAGCCACAG",6208,231,,,,TRUE,FALSE,FALSE,57835,24387,1
"4-60-2-1","4","60","2","60","1","data/prepared/170925_M00281_0274_000000000-BBW8V_Multiplex-2ndround-TZ060-1_S146_L001_R1_001.fastq.gz","AGACAGTCAAGAATAACTGCCCTAAAATAATAAGAAAGCTGAATCAATTAATTGGAATGTCTATCTCACTATCTATCTATGTGTCTATCTATCTATCTATCTATCATCTATCATCTATCTATCTATCTATCTATCTATCTATCTATCTATCTATCTATCTGTGTATTAGCTCAGAAGAATTCCCTTTGGAAATTGTCATGTTATCCCATTCATTCAGCTTTTGAGCCACAG",304,231,,,,TRUE,TRUE,FALSE,1925,1169,1
"4-96-1-1","4","96","1","96","1","data/prepared/170922_M00281_0273_000000000-BBWWD_Multiplex-1stround-TZ096-D124_S3_L001_R1_001.fastq.gz","AGACAGTCAAGAATAACTGCCCTAAAATAATAAGAAAGCTGAATCAATTAATTGGAATGTCTATCTCACTATCTATCTATGTGTCTATCTATCTATCTATCTATCTATCTATCTATCTATCTATCTATCATCTATCATCTATCTATCTATCTATCTATCTATCTATCTATCTATCTATCTGTGTATTAGCTCAGAAGAATTCCCTTTGGAAATTGTCATGTTATCCCATTCATTCAGCTTTTGAGCCACAG",3084,251,"AGACAGTCAAGAATAACTGCCCTAAAATAATAAGAAAGCTGAATCAATTAATTGGAATGTCTATCTCACTATCTATCTATGTGTCTATCTATCTATCTATCTATCTATCTATCTATCTATCTATCTATCTATCATCTATCATCTATCTATCTATCTATCTATCTATCTATCTATCTATCTATCTGTGTATTAGCTCAGAAGAATTCCCTTTGGAAATTGTCATGTTATCCCATTCATTCAGCTTTTGAGCCACAG",2223,255,FALSE,FALSE,FALSE,51068,12788,2
"4-96-2-1","4","96","2","96","1","data/prepared/170925_M00281_0274_000000000-BBW8V_Multiplex-2ndround-TZ096-1_S147_L001_R1_001.fastq.gz","AGACAGTCAAGAATAACTGCCCTAAAATAATAAGAAAGCTGAATCAATTAATTGGAATGTCTATCTCACTATCTATCTATGTGTCTATCTATCTATCTATCTATCTATCTATCTATCTATCTATCTATCATCTATCATCTATCTATCTATCTATCTATCTATCTATCTATCTATCTATCTGTGTATTAGCTCAGAAGAATTCCCTTTGGAAATTGTCATGTTATCCCATTCATTCAGCTTTTGAGCCACAG",218,251,"AGACAGTCAAGAATAACTGCCCTAAAATAATAAGAAAGCTGAATCAATTAATTGGAATGTCTATCTCACTATCTATCTATGTGTCTATCTATCTATCTATCTATCTATCTATCTATCTATCTATCTATCTATCATCTATCATCTATCTATCTATCTATCTATCTATCTATCTATCTATCTATCTGTGTATTAGCTCAGAAGAATTCCCTTTGGAAATTGTCATGTTATCCCATTCATTCAGCTTTTGAGCCACAG",148,255,FALSE,FALSE,FALSE,4449,969,2
"4-220-1-1","4","220","1","220","1","data/prepared/170922_M00281_0273_000000000-BBWWD_Multiplex-1stround-TZ220-D124_S4_L001_R1_001.fastq.gz","AGACAGTCAAGAATAACTGCCCTAAAATAATAAGAAAGCTGAATCAATTAATTGGAATGTCTATCTCACTATCTATCTATGTGTCTATCTATCTATCTATCTATCATCTATCATCTATCTATCTATCTATCTATCTATCTATCTATCTATCTATCTATCTGTGTATTAGCTCAGAAGAATTCCCTTTGGAAATTGTCATGTTATCCCATTCATTCAGCTTTTGAGCCACAG",4606,231,"AGACAGTCAAGAATAACTGCCCTAAAATAATAAGAAAGCTGAATCAATTAATTGGAATGTCTATCTCACTATCTATCTATGTGTCTATCTATCTATCTATCTATCTATCTATCTATCTATCTATCATCTATCATCTATCTATCTATCTATCTATCTATCTATCTATCTATCTATCATCTATCTATCTGTGTATTAGCTCAGAAGAATTCCCTTTGGAAATTGTCATGTTATCCCATTCATTCAGCTTTTGAGCCACAG",1401,258,FALSE,FALSE,FALSE,66836,18042,2
"4-220-2-1","4","220","2","220","1","data/prepared/170925_M00281_0274_000000000-BBW8V_Multiplex-2ndround-TZ220-1_S148_L001_R1_001.fastq.gz","AGACAGTCAAGAATAACTGCCCTAAAATAATAAGAAAGCTGAATCAATTAATTGGAATGTCTATCTCACTATCTATCTATGTGTCTATCTATCTATCTATCTATCATCTATCATCTATCTATCTATCTATCTATCTATCTATCTATCTATCTATCTATCTGTGTATTAGCTCAGAAGAATTCCCTTTGGAAATTGTCATGTTATCCCATTCATTCAGCTTTTGAGCCACAG",164,231,,,,TRUE,FALSE,FALSE,2746,891,1
"4-254-1-1","4","254","1","254","1","data/prepared/170922_M00281_0273_000000000-BBWWD_Multiplex-1stround-TZ254-D124_S5_L001_R1_001.fastq.gz","AGACAGTCAAGAATAACTGCCCTAAAATAATAAGAAAGCTGAATCAATTAATTGGAATGTCTATCTCACTATCTATCTATGTGTCTATCTATCTATCTATCTATCTATCTATCTATCTATCTATCTATCATCTATCATCTATCTATCTATCTATCTATCTATCTATCTATCTATCTATCTGTGTATTAGCTCAGAAGAATTCCCTTTGGAAATTGTCATGTTATCCCATTCATTCAGCTTTTGAGCCACAG",5259,251,"AGACAGTCAAGAATAACTGCCCTAAAATAATAAGAAAGCTGAATCAATTAATTGGAATGTCTATCTCACTATCTATCTATGTGTCTATCTATCTATCTATCTATCTATCTATCTATCTATCTATCTATCTATCATCTATCATCTATCTATCTATCTATCTATCTATCTATCTATCTATCTATCTGTGTATTAGCTCAGAAGAATTCCCTTTGGAAATTGTCATGTTATCCCATTCATTCAGCTTTTGAGCCACAG",4279,255,FALSE,FALSE,FALSE,68571,24142,2
"4-254-2-1","4","254","2","254","1","data/prepared/170925_M00281_0274_000000000-BBW8V_Multiplex-2ndround-TZ254-1_S149_L001_R1_001.fastq.gz","AGACAGTCAAGAATAACTGCCCTAAAATAATAAGAAAGCTGAATCAATTAATTGGAATGTCTATCTCACTATCTATCTATGTGTCTATCTATCTATCTATCTATCTATCTATCTATCTATCTATCTATCATCTATCATCTATCTATCTATCTATCTATCTATCTATCTATCTATCTATCTGTGTATTAGCTCAGAAGAATTCCCTTTGGAAATTGTCATGTTATCCCATTCATTCAGCTTTTGAGCCACAG",334,251,"AGACAGTCAAGAATAACTGCCCTAAAATAATAAGAAAGCTGAATCAATTAATTGGAATGTCTATCTCACTATCTATCTATGTGTCTATCTATCTATCTATCTATCTATCTATCTATCTATCTATCTATCTATCATCTATCATCTATCTATCTATCTATCTATCTATCTATCTATCTATCTATCTGTGTATTAGCTCAGAAGAATTCCCTTTGGAAATTGTCATGTTATCCCATTCATTCAGCTTTTGAGCCACAG",234,255,FALSE,FALSE,FALSE,3487,1539,2
"4-259-1-1","4","259","1","259","1","data/prepared/170922_M00281_0273_000000000-BBWWD_Multiplex-1stround-TZ259-D124_S6_L001_R1_001.fastq.gz","AGACAGTCAAGAATAACTGCCCTAAAATAATAAGAAAGCTGAATCAATTAATTGGAATGTCTATCTCACTATCTATCTATGTGTCTATCTATCTATCTATCTATCATCTATCATCTATCTATCTATCTATCTATCTATCTATCTATCTATCTATCTATCTGTGTATTAGCTCAGAAGAATTCCCTTTGGAAATTGTCATGTTATCCCATTCATTCAGCTTTTGAGCCACAG",10178,231,"AGACAGTCAAGAATAACTGCCCTAAAATAATAAGAAAGCTGAATCAATTAATTGGAATGTCTATCTCACTATCTATCTATGTGTCTATCTATCTATCTATCTATCATCTATCATCTATCTATCTATCTATCTATCTATCTATCTATCTATCTATCTGTGTATTAGCTCAGAAGAATTCCCTTTGGAAATTGTCATGTTATCCCATTCATTCAGCTTTTGAGCCACAG",4112,227,FALSE,FALSE,FALSE,103865,39551,3
"4-259-2-1","4","259","2","259","1","data/prepared/170925_M00281_0274_000000000-BBW8V_Multiplex-2ndround-TZ259-1_S150_L001_R1_001.fastq.gz","AGACAGTCAAGAATAACTGCCCTAAAATAATAAGAAAGCTGAATCAATTAATTGGAATGTCTATCTCACTATCTATCTATGTGTCTATCTATCTATCTATCTATCATCTATCATCTATCTATCTATCTATCTATCTATCTATCTATCTATCTATCTATCTGTGTATTAGCTCAGAAGAATTCCCTTTGGAAATTGTCATGTTATCCCATTCATTCAGCTTTTGAGCCACAG",550,231,"AGACAGTCAAGAATAACTGCCCTAAAATAATAAGAAAGCTGAATCAATTAATTGGAATGTCTATCTCACTATCTATCTATGTGTCTATCTATCTATCTATCTATCATCTATCATCTATCTATCTATCTATCTATCTATCTATCTATCTATCTATCTGTGTATTAGCTCAGAAGAATTCCCTTTGGAAATTGTCATGTTATCCCATTCATTCAGCTTTTGAGCCACAG",290,227,FALSE,FALSE,FALSE,3598,2152,2
"4-260-1-1","4","260","1","260","1","data/prepared/170922_M00281_0273_000000000-BBWWD_Multiplex-1stround-TZ260-D124_S7_L001_R1_001.fastq.gz","AGACAGTCAAGAATAACTGCCCTAAAATAATAAGAAAGCTGAATCAATTAATTGGAATGTCTATCTCACTATCTATCTATGTGTCTATCTATCTATCTATCTATCTATCTATCTATCTATCTATCTATCATCTATCATCTATCTATCTATCTATCTATCTATCTATCTATCTATCTATCTGTGTATTAGCTCAGAAGAATTCCCTTTGGAAATTGTCATGTTATCCCATTCATTCAGCTTTTGAGCCACAG",2775,251,"AGACAGTCAAGAATAACTGCCCTAAAATAATAAGAAAGCTGAATCAATTAATTGGAATGTCTATCTCACTATCTATCTATGTGTCTATCTATCTATCTATCTATCTATCTATCTATCTATCTATCTATCATCTATCATCTATCTATCTATCTATCTATCTATCTATCTATCTATCTATCATCTATCTATCTGTGTATTAGCTCAGAAGAATTCCCTTTGGAAATTGTCATGTTATCCCATTCATTCAGCTTTTGAGCCACAG",1780,262,FALSE,FALSE,FALSE,155608,11693,2
"4-260-2-1","4","260","2","260","1","data/prepared/170925_M00281_0274_000000000-BBW8V_Multiplex-2ndround-TZ260-1_S151_L001_R1_001.fastq.gz","AGACAGTCAAGAATAACTGCCCTAAAATAATAAGAAAGCTGAATCAATTAATTGGAATGTCTATCTCACTATCTATCTATGTGTCTATCTATCTATCTATCTATCTATCTATCTATCTATCTATCTATCATCTATCATCTATCTATCTATCTATCTATCTATCTATCTATCTATCTATCTGTGTATTAGCTCAGAAGAATTCCCTTTGGAAATTGTCATGTTATCCCATTCATTCAGCTTTTGAGCCACAG",122,251,"AGACAGTCAAGAATAACTGCCCTAAAATAATAAGAAAGCTGAATCAATTAATTGGAATGTCTATCTCACTATCTATCTATGTGTCTATCTATCTATCTATCTATCTATCTATCTATCTATCTATCTATCATCTATCATCTATCTATCTATCTATCTATCTATCTATCTATCTATCTATCATCTATCTATCTGTGTATTAGCTCAGAAGAATTCCCTTTGGAAATTGTCATGTTATCCCATTCATTCAGCTTTTGAGCCACAG",53,262,FALSE,FALSE,FALSE,4260,646,2
"4-263-1-1","4","263","1","263","1","data/prepared/170922_M00281_0273_000000000-BBWWD_Multiplex-1stround-TZ263-D124_S8_L001_R1_001.fastq.gz","AGACAGTCAAGAATAACTGCCCTAAAATAATAAGAAAGCTGAATCAATTAATTGGAATGTCTATCTCACTATCTATCTATGTGTCTATCTATCTATCTATCTATCTATCTATCTATCTATCTATCTATCATCTATCATCTATCTATCTATCTATCTATCTATCTATCTATCTATCTATCTGTGTATTAGCTCAGAAGAATTCCCTTTGGAAATTGTCATGTTATCCCATTCATTCAGCTTTTGAGCCACAG",5614,251,"AGACAGTCAAGAATAACTGCCCTAAAATAATAAGAAAGCTGAATCAATTAATTGGAATGTCTATCTCACTATCTATCTATGTGTCTATCTATCTATCTATCTATCTATCTATCTATCTATCTATCTATCATCTATCATCTATCTATCTATCTATCTATCTATCTATCTATCTATCTATCATCTATCTATCTGTGTATTAGCTCAGAAGAATTCCCTTTGGAAATTGTCATGTTATCCCATTCATTCAGCTTTTGAGCCACAG",3883,262,FALSE,FALSE,FALSE,104576,26593,2
"4-263-2-1","4","263","2","263","1","data/prepared/170925_M00281_0274_000000000-BBW8V_Multiplex-2ndround-TZ263-1_S152_L001_R1_001.fastq.gz","AGACAGTCAAGAATAACTGCCCTAAAATAATAAGAAAGCTGAATCAATTAATTGGAATGTCTATCTCACTATCTATCTATGTGTCTATCTATCTATCTATCTATCTATCTATCTATCTATCTATCTATCATCTATCATCTATCTATCTATCTATCTATCTATCTATCTATCTATCTATCTGTGTATTAGCTCAGAAGAATTCCCTTTGGAAATTGTCATGTTATCCCATTCATTCAGCTTTTGAGCCACAG",211,251,"AGACAGTCAAGAATAACTGCCCTAAAATAATAAGAAAGCTGAATCAATTAATTGGAATGTCTATCTCACTATCTATCTATGTGTCTATCTATCTATCTATCTATCTATCTATCTATCTATCTATCTATCATCTATCATCTATCTATCTATCTATCTATCTATCTATCTATCTATCTATCATCTATCTATCTGTGTATTAGCTCAGAAGAATTCCCTTTGGAAATTGTCATGTTATCCCATTCATTCAGCTTTTGAGCCACAG",127,262,FALSE,FALSE,FALSE,11215,1302,2
"4-264-1-1","4","264","1","264","1","data/prepared/170922_M00281_0273_000000000-BBWWD_Multiplex-1stround-TZ264-D124_S9_L001_R1_001.fastq.gz","AGACAGTCAAGAATAACTGCCCTAAAATAATAAGAAAGCTGAATCAATTAATTGGAATGTCTATCTCACTATCTATCTATGTGTCTATCTATCTATCTATCTATCTATCTATCTATCTATCTATCTATCATCTATCATCTATCTATCTATCTATCTATCTATCTATCTATCTATCTATCTGTGTATTAGCTCAGAAGAATTCCCTTTGGAAATTGTCATGTTATCCCATTCATTCAGCTTTTGAGCCACAG",2441,251,"AGACAGTCAAGAATAACTGCCCTAAAATAATAAGAAAGCTGAATCAATTAATTGGAATGTCTATCTCACTATCTATCTATGTGTCTATCTATCTATCTATCTATCTATCTATCTATCTATCTATCTATCTATCATCTATCATCTATCTATCTATCTATCTATCTATCTATCTATCTATCTATCTGTGTATTAGCTCAGAAGAATTCCCTTTGGAAATTGTCATGTTATCCCATTCATTCAGCTTTTGAGCCACAG",1739,255,FALSE,FALSE,FALSE,69106,9582,2
"4-264-2-1","4","264","2","264","1","data/prepared/170925_M00281_0274_000000000-BBW8V_Multiplex-2ndround-TZ264-1_S153_L001_R1_001.fastq.gz",,,,,,,FALSE,FALSE,FALSE,1700,319,2
"4-271-1-1","4","271","1","271","1","data/prepared/170922_M00281_0273_000000000-BBWWD_Multiplex-1stround-TZ271-D124_S10_L001_R1_001.fastq.gz","AGACAGTCAAGAATAACTGCCCTAAAATAATAAGAAAGCTGAATCAATTAATTGGAATGTCTATCTCACTATCTATCTATGTGTCTATCTATCTATCTATCTATCTATCTATCTATCTATCTATCTATCATCTATCATCTATCTATCTATCTATCTATCTATCTATCTATCTATCTATCATCTATCTATCTGTGTATTAGCTCAGAAGAATTCCCTTTGGAAATTGTCATGTTATCCCATTCATTCAGCTTTTGAGCCACAG",10183,262,,,,TRUE,FALSE,FALSE,92122,29984,1
"4-271-2-1","4","271","2","271","1","data/prepared/170925_M00281_0274_000000000-BBW8V_Multiplex-2ndround-TZ271-1_S154_L001_R1_001.fastq.gz",,,,,,,FALSE,FALSE,FALSE,1817,466,2
"4-320-1-1","4","320","1","320","1","data/prepared/170922_M00281_0273_000000000-BBWWD_Multiplex-1stround-TZ320-D124_S11_L001_R1_001.fastq.gz","AGACAGTCAAGAATAACTGCCCTAAAATAATAAGAAAGCTGAATCAATTAATTGGAATGTCTATCTCACTATCTATCTATGTGTCTATCTATCTATCTATCTATCTATCTATCTATCTATCTATCTATCATCTATCATCTATCTATCTATCTATCTATCTATCTATCTATCTATCTATCATCTATCTATCTGTGTATTAGCTCAGAAGAATTCCCTTTGGAAATTGTCATGTTATCCCATTCATTCAGCTTTTGAGCCACAG",9835,262,,,,TRUE,FALSE,FALSE,96483,27126,1
"4-320-2-1","4","320","2","320","1","data/prepared/170925_M00281_0274_000000000-BBW8V_Multiplex-2ndround-TZ320-1_S155_L001_R1_001.fastq.gz","AGACAGTCAAGAATAACTGCCCTAAAATAATAAGAAAGCTGAATCAATTAATTGGAATGTCTATCTCACTATCTATCTATGTGTCTATCTATCTATCTATCTATCTATCTATCTATCTATCTATCTATCATCTATCATCTATCTATCTATCTATCTATCTATCTATCTATCTATCTATCATCTATCTATCTGTGTATTAGCTCAGAAGAATTCCCTTTGGAAATTGTCATGTTATCCCATTCATTCAGCTTTTGAGCCACAG",350,262,"AGACAGTCAAGAATAACTGCCCTAAAATAATAAGAAAGCTGAATCAATTAATTGGAATGTCTATCTCACTATCTATCTATGTGTCTATCTATCTATCTATCTATCTATCTATCTATCTATCTATCTATCATCTATCTATCTGTGTATTAGCTCAGAAGAATTCCCTTTGGAAATTGTCATGTTATCCCATTCATTCAGCTTTTGAGCCACAG",97,212,FALSE,FALSE,FALSE,1865,1129,2
"4-336-1-1","4","336","1","336","1","data/prepared/170922_M00281_0273_000000000-BBWWD_Multiplex-1stround-TZ336-D124_S12_L001_R1_001.fastq.gz","AGACAGTCAAGAATAACTGCCCTAAAATAATAAGAAAGCTGAATCAATTAATTGGAATGTCTATCTCACTATCTATCTATGTGTCTATCTATCTATCTATCTATCTATCTATCTATCTATCTATCTATCATCTATCATCTATCTATCTATCTATCTATCTATCTATCTATCTATCTATCTGTGTATTAGCTCAGAAGAATTCCCTTTGGAAATTGTCATGTTATCCCATTCATTCAGCTTTTGAGCCACAG",1426,251,,,,TRUE,FALSE,FALSE,9277,3622,1
"4-336-2-1","4","336","2","336","1","data/prepared/170925_M00281_0274_000000000-BBW8V_Multiplex-2ndround-TZ336-1_S156_L001_R1_001.fastq.gz",,,,,,,FALSE,TRUE,FALSE,960,454,1
"4-37-1-2","4","37","1","37","2","data/prepared/170922_M00281_0273_000000000-BBWWD_Multiplex-1stround-TZ037-D124_S1_L001_R1_001.fastq.gz",,,,,,,FALSE,FALSE,FALSE,51077,0,0
"4-37-2-2","4","37","2","37","2","data/prepared/170925_M00281_0274_000000000-BBW8V_Multiplex-2ndround-TZ037-2_S157_L001_R1_001.fastq.gz","CTTTGTCTCCCCAGTTGCTACTTCACTCCATCATTTGCTTGATCGATCGAGCTATCTATCTATCTATCTATCTATCTATCTATCTATCTATCTATCCATCCATCCATCCATCCATCTATTCATCCATCCATCTATTAATATCATCTATGTATCAAATGCTTCCAAATACATAATATACATGATACAGTCAGAAAAAGCAGAAAGTTTAAAGATTGAGTGTGATTATAGACATATCTATCTATTCAGAAACAAAATGGATTCAGAATCATTACAACTCTCACTGTGTAGTGGAATTGATTAGTTGCAGACGGTTTATGACAGA",467,322,,,,TRUE,TRUE,FALSE,10265,990,1
"4-60-1-2","4","60","1","60","2","data/prepared/170922_M00281_0273_000000000-BBWWD_Multiplex-1stround-TZ060-D124_S2_L001_R1_001.fastq.gz",,,,,,,FALSE,FALSE,FALSE,57835,6,6
"4-60-2-2","4","60","2","60","2","data/prepared/170925_M00281_0274_000000000-BBW8V_Multiplex-2ndround-TZ060-2_S158_L001_R1_001.fastq.gz","CTTTGTCTCCCCAGTTGCTACTTCACTCCATCATTTGCTTGATCGATCGAGCTATCTATCTATCTATCTATCTATCTATCTATCTATCTATCTATCTATCTATCTATCCATCCATCCATCCATCCATCCATCTATTCATCCATCCATCTATTAATATCATCTATGTATCAAATGCTTCCAAATACATAATATACATGATACAGTCAGAAAAAGCAGAAAGTTTAAAGATTGAGTGTGATTATAGACATATCTATCTATTCAGAAACAAAATGGATTCAGAATCATTACAACTCTCACTGTGTAGTGGAATTGATTAGTTGCAGACGGTTTATGACAGA",768,338,"CTTTGTCTCCCCAGTTGCTACTTCACTCCATCATTTGCTTGATCGATCGAGCTATCTATCTATCTATCTATCTATCTATCTATCTATCTATCTATCTATCTATCCATCCATCCATCCATCCATCCATCTATTCATCCATCCATCTATTAATATCATCTATGTATCAAATGCTTCCAAATACATAATATACATGATACAGTCAGAAAAAGCAGAAAGTTTAAAGATTGAGTGTGATTATAGACATATCTATCTATTCAGAAACAAAATGGATTCAGAATCATTACAACTCTCACTGTGTAGTGGAATTGATTAGTTGCAGACGGTTTATGACAGA",272,334,FALSE,FALSE,FALSE,24064,2108,2
"4-96-1-2","4","96","1","96","2","data/prepared/170922_M00281_0273_000000000-BBWWD_Multiplex-1stround-TZ096-D124_S3_L001_R1_001.fastq.gz",,,,,,,FALSE,FALSE,FALSE,51068,3,3
"4-96-2-2","4","96","2","96","2","data/prepared/170925_M00281_0274_000000000-BBW8V_Multiplex-2ndround-TZ096-2_S159_L001_R1_001.fastq.gz","CTTTGTCTCCCCAGTTGCTACTTCACTCCATCATTTGCTTGATCGATCGAGCTATCTATCTATCTATCTATCTATCTATCTATCTATCTATCCATCCATCCATCCATCCATCTATTCATCCATCCATCTATTAATATCATCTATGTATCAAATGCTTCCAAATACATAATATACATGATACAGTCAGAAAAAGCAGAAAGTTTAAAGATTGAGTGTGATTATAGACATATCTATCTATTCAGAAACAAAATGGATTCAGAATCATTACAACTCTCACTGTGTAGTGGAATTGATTAGTTGCAGACGGTTTATGACAGA",180,318,"CTTTGTCTCCCCAGTTGCTACTTCACTCCATCATTTGCTTGATCGATCGAGCTATCTATCTATCTATCTATCTATCTATCTATCTATCTATCTATCCATCCATCCATCCATCCATCTATTCATCCATCCATCTATTAATATCATCTATGTATCAAATGCTTCCAAATACATAATATACATGATACAGTCAGAAAAAGCAGAAAGTTTAAAGATTGAGTGTGATTATAGACATATCTATCTATTCAGAAACAAAATGGATTCAGAATCATTACAACTCTCACTGTGTAGTGGAATTGATTAGTTGCAGACGGTTTATGACAGA",82,322,FALSE,FALSE,FALSE,1577,519,2
"4-220-1-2","4","220","1","220","2","data/prepared/170922_M00281_0273_000000000-BBWWD_Multiplex-1stround-TZ220-D124_S4_L001_R1_001.fastq.gz",,,,,,,FALSE,FALSE,FALSE,66836,5,4
"4-220-2-2","4","220","2","220","2","data/prepared/170925_M00281_0274_000000000-BBW8V_Multiplex-2ndround-TZ220-2_S160_L001_R1_001.fastq.gz","CTTTGTCTCCCCAGTTGCTACTTCACTCCATCATTTGCTTGATCGATCGAGCTATCTATCTATCTATCTATCTATCTATCTATCTATCTATCCATCCATCCATCCATCCATCTATTCATCCATCCATCTATTAATATCATCTATGTATCAAATGCTTCCAAATACATAATATACATGATACAGTCAGAAAAAGCAGAAAGTTTAAAGATTGAGTGTGATTATAGACATATCTATCTATTCAGAAACAAAATGGATTCAGAATCATTACAACTCTCACTGTGTAGTGGAATTGATTAGTTGCAGACGGTTTATGACAGA",236,318,,,,TRUE,TRUE,FALSE,2072,504,1
"4-254-1-2","4","254","1","254","2","data/prepared/170922_M00281_0273_000000000-BBWWD_Multiplex-1stround-TZ254-D124_S5_L001_R1_001.fastq.gz",,,,,,,FALSE,FALSE,FALSE,68571,0,0
"4-254-2-2","4","254","2","254","2","data/prepared/170925_M00281_0274_000000000-BBW8V_Multiplex-2ndround-TZ254-2_S161_L001_R1_001.fastq.gz","CTTTGTCTCCCCAGTTGCTACTTCACTCCATCATTTGCTTGATCGATCGAGCTATCTATCTATCTATCTATCTATCTATCTATCTATCTATCTATCTATCCATCCATCCATCCATCCATCCATCTATTCATCCATCCATCTATTAATATCATCTATGTATCAAATGCTTCCAAATACATAATATACATGATACAGTCAGAAAAAGCAGAAAGTTTAAAGATTGAGTGTGATTATAGACATATCTATCTATTCAGAAACAAAATGGATTCAGAATCATTACAACTCTCACTGTGTAGTGGAATTGATTAGTTGCAGACGGTTTATGACAGA",149,330,"CTTTGTCTCCCCAGTTGCTACTTCACTCCATCATTTGCTTGATCGATCGAGCTATCTATCTATCTATCTATCTATCTATCTATCTATCTATCTATCTATCTATCTATCCATCCATCCATCCATCCATCCATCTATTCATCCATCCATCTATTAATATCATCTATGTATCAAATGCTTCCAAATACATAATATACATGATACAGTCAGAAAAAGCAGAAAGTTTAAAGATTGAGTGTGATTATAGACATATCTATCTATTCAGAAACAAAATGGATTCAGAATCATTACAACTCTCACTGTGTAGTGGAATTGATTAGTTGCAGACGGTTTATGACAGA",51,338,FALSE,FALSE,FALSE,2063,639,2
"4-259-1-2","4","259","1","259","2","data/prepared/170922_M00281_0273_000000000-BBWWD_Multiplex-1stround-TZ259-D124_S6_L001_R1_001.fastq.gz",,,,,,,FALSE,FALSE,FALSE,103865,3,3
"4-259-2-2","4","259","2","259","2","data/prepared/170925_M00281_0274_000000000-BBW8V_Multiplex-2ndround-TZ259-2_S162_L001_R1_001.fastq.gz",,,,,,,FALSE,FALSE,FALSE,497,214,3
"4-260-1-2","4","260","1","260","2","data/prepared/170922_M00281_0273_000000000-BBWWD_Multiplex-1stround-TZ260-D124_S7_L001_R1_001.fastq.gz",,,,,,,FALSE,FALSE,FALSE,155608,0,0
"4-260-2-2","4","260","2","260","2","data/prepared/170925_M00281_0274_000000000-BBW8V_Multiplex-2ndround-TZ260-2_S163_L001_R1_001.fastq.gz","CTTTGTCTCCCCAGTTGCTACTTCACTCCATCATTTGCTTGATCGATCGAGCTATCTATCTATCTATCTATCTATCTATCTATCTATCTATCTATCTATCCATCCATCCATCCATCCATCTATTCATCCATCCATCTATTAATATCATCTATGTATCAAATGCTTCCAAATACATAATATACATGATACAGTCAGAAAAAGCAGAAAGTTTAAAGATTGAGTGTGATTATAGACATATCTATCTATTCAGAAACAAAATGGATTCAGAATCATTACAACTCTCACTGTGTAGTGGAATTGATTAGTTGCAGACGGTTTATGACAGA",114,326,"CTTTGTCTCCCCAGTTGCTACTTCACTCCATCATTTGCTTGATCGATCGAGCTATCTATCTATCTATCTATCTATCTATCTATCTATCTATCCATCCATCCATCCATCCATCTATTCATCCATCCATCTATTAATATCATCTATGTATCAAATGCTTCCAAATACATAATATACATGATACAGTCAGAAAAAGCAGAAAGTTTAAAGATTGAGTGTGATTATAGACATATCTATCTATTCAGAAACAAAATGGATTCAGAATCATTACAACTCTCACTGTGTAGTGGAATTGATTAGTTGCAGACGGTTTATGACAGA",92,318,FALSE,FALSE,FALSE,4372,581,3
"4-263-1-2","4","263","1","263","2","data/prepared/170922_M00281_0273_000000000-BBWWD_Multiplex-1stround-TZ263-D124_S8_L001_R1_001.fastq.gz",,,,,,,FALSE,FALSE,FALSE,104576,4,4
"4-263-2-2","4","263","2","263","2","data/prepared/170925_M00281_0274_000000000-BBW8V_Multiplex-2ndround-TZ263-2_S164_L001_R1_001.fastq.gz",,,,,,,FALSE,FALSE,FALSE,1398,273,3
"4-264-1-2","4","264","1","264","2","data/prepared/170922_M00281_0273_000000000-BBWWD_Multiplex-1stround-TZ264-D124_S9_L001_R1_001.fastq.gz",,,,,,,FALSE,FALSE,FALSE,69106,0,0
"4-264-2-2","4","264","2","264","2","data/prepared/170925_M00281_0274_000000000-BBW8V_Multiplex-2ndround-TZ264-2_S165_L001_R1_001.fastq.gz",,,,,,,FALSE,TRUE,FALSE,1630,98,1
"4-271-1-2","4","271","1","271","2","data/prepared/170922_M00281_0273_000000000-BBWWD_Multiplex-1stround-TZ271-D124_S10_L001_R1_001.fastq.gz",,,,,,,FALSE,FALSE,FALSE,92122,0,0
"4-271-2-2","4","271","2","271","2","data/prepared/170925_M00281_0274_000000000-BBW8V_Multiplex-2ndround-TZ271-2_S166_L001_R1_001.fastq.gz","CTTTGTCTCCCCAGTTGCTACTTCACTCCATCATTTGCTTGATCGATCGAGCTATCTATCTATCTATCTATCTATCTATCTATCTATCTATCTATCCATCCATCCATCCATCCATCTATTCATCCATCCATCTATTAATATCATCTATGTATCAAATGCTTCCAAATACATAATATACATGATACAGTCAGAAAAAGCAGAAAGTTTAAAGATTGAGTGTGATTATAGACATATCTATCTATTCAGAAACAAAATGGATTCAGAATCATTACAACTCTCACTGTGTAGTGGAATTGATTAGTTGCAGACGGTTTATGACAGA",574,322,"CTTTGTCTCCCCAGTTGCTACTTCACTCCATCATTTGCTTGATCGATCGAGCTATCTATCTATCTATCTATCTATCTATCTATCTATCTATCTATCCATCCATCCATCCATCCATCCATCTATTCATCCATCCATCTATTAATATCATCTATGTATCAAATGCTTCCAAATACATAATATACATGATACAGTCAGAAAAAGCAGAAAGTTTAAAGATTGAGTGTGATTATAGACATATCTATCTATTCAGAAACAAAATGGATTCAGAATCATTACAACTCTCACTGTGTAGTGGAATTGATTAGTTGCAGACGGTTTATGACAGA",312,326,FALSE,FALSE,FALSE,22160,2186,4
"4-320-1-2","4","320","1","320","2","data/prepared/170922_M00281_0273_000000000-BBWWD_Multiplex-1stround-TZ320-D124_S11_L001_R1_001.fastq.gz",,,,,,,FALSE,FALSE,FALSE,96483,3,3
"4-320-2-2","4","320","2","320","2","data/prepared/170925_M00281_0274_000000000-BBW8V_Multiplex-2ndround-TZ320-2_S167_L001_R1_001.fastq.gz",,,,,,,FALSE,TRUE,FALSE,635,296,1
"4-336-1-2","4","336","1","336","2","data/prepared/170922_M00281_0273_000000000-BBWWD_Multiplex-1stround-TZ336-D124_S12_L001_R1_001.fastq.gz",,,,,,,FALSE,FALSE,FALSE,9277,3,3
"4-336-2-2","4","336","2","336","2","data/prepared/170925_M00281_0274_000000000-BBW8V_Multiplex-2ndround-TZ336-2_S168_L001_R1_001.fastq.gz",,,,,,,FALSE,FALSE,FALSE,602,267,2
"4-37-1-3","4","37","1","37","3","data/prepared/170922_M00281_0273_000000000-BBWWD_Multiplex-1stround-TZ037-ABC3_S13_L001_R1_001.fastq.gz","AGCATTAGCATTTGTCCTGGTTTTATCATATTGCAGACAAAGGAAGTTTGAAATATTGCTTAAGACTTTCCCTGAGATAGATAGATAGATAGATAGATAGATAGATAGATAGATAGATAGATGATAGATAGATAGATAGATAGATAGATATAGAGATATAGACATATATACTTTATGTTTCTTTGTTGTTTGTGTTTTTCAGGAGGGGGAGTCAGGTTAGTC",5196,222,,,,TRUE,TRUE,FALSE,72001,10595,1
"4-37-2-3","4","37","2","37","3","data/prepared/170925_M00281_0274_000000000-BBW8V_Multiplex-2ndround-TZ037-3_S169_L001_R1_001.fastq.gz","AGCATTAGCATTTGTCCTGGTTTTATCATATTGCAGACAAAGGAAGTTTGAAATATTGCTTAAGACTTTCCCTGAGATAGATAGATAGATAGATAGATAGATAGATAGATAGATAGATAGATGATAGATAGATAGATAGATAGATAGATATAGAGATATAGACATATATACTTTATGTTTCTTTGTTGTTTGTGTTTTTCAGGAGGGGGAGTCAGGTTAGTC",710,222,,,,TRUE,TRUE,FALSE,4699,1937,1
"4-60-1-3","4","60","1","60","3","data/prepared/170922_M00281_0273_000000000-BBWWD_Multiplex-1stround-TZ060-ABC3_S14_L001_R1_001.fastq.gz","AGCATTAGCATTTGTCCTGGTTTTATCATATTGCAGACAAAGGAAGTTTGAAATATTGCTTAAGACTTTCCCTGAGATAGATAGATAGATAGATAGATAGATAGATAGATAGATAGATAGATGATAGATAGATAGATAGATAGATAGATATAGAGATATAGACATATATACTTTATGTTTCTTTGTTGTTTGTGTTTTTCAGGAGGGGGAGTCAGGTTAGTC",6885,222,,,,TRUE,TRUE,FALSE,100022,13613,1
"4-60-2-3","4","60","2","60","3","data/prepared/170925_M00281_0274_000000000-BBW8V_Multiplex-2ndround-TZ060-3_S170_L001_R1_001.fastq.gz","AGCATTAGCATTTGTCCTGGTTTTATCATATTGCAGACAAAGGAAGTTTGAAATATTGCTTAAGACTTTCCCTGAGATAGATAGATAGATAGATAGATAGATAGATAGATAGATAGATAGATGATAGATAGATAGATAGATAGATAGATATAGAGATATAGACATATATACTTTATGTTTCTTTGTTGTTTGTGTTTTTCAGGAGGGGGAGTCAGGTTAGTC",1676,222,,,,TRUE,TRUE,FALSE,6281,3238,1
"4-96-1-3","4","96","1","96","3","data/prepared/170922_M00281_0273_000000000-BBWWD_Multiplex-1stround-TZ096-ABC3_S15_L001_R1_001.fastq.gz","AGCATTAGCATTTGTCCTGGTTTTATCATATTGCAGACAAAGGAAGTTTGAAATATTGCTTAAGACTTTCCCTGAGATAGATAGATAGATAGATAGATAGATAGATAGATAGATAGATAGATGATAGATAGATAGATAGATAGATAGATATAGAGATATAGACATATATACTTTATGTTTCTTTGTTGTTTGTGTTTTTCAGGAGGGGGAGTCAGGTTAGTC",4966,222,"AGCATTAGCATTTGTCCTGGTTTTATCATATTGCAGACAAAGGAAGTTTGAAATATTGCTTAAGACTTTCCCTGAGATAGATAGATAGATAGATAGATAGATAGATAGATAGATAGATAGATGATAGATAGATAGATAGATAGATAGATAGATAGATAGATATAGAGATATAGACATATATACTTTATGTTTCTTTGTTGTTTGTGTTTTTCAGGAGGGGGAGTCAGGTTAGTC",2086,234,FALSE,FALSE,FALSE,115995,16463,2
"4-96-2-3","4","96","2","96","3","data/prepared/170925_M00281_0274_000000000-BBW8V_Multiplex-2ndround-TZ096-3_S171_L001_R1_001.fastq.gz","AGCATTAGCATTTGTCCTGGTTTTATCATATTGCAGACAAAGGAAGTTTGAAATATTGCTTAAGACTTTCCCTGAGATAGATAGATAGATAGATAGATAGATAGATAGATAGATAGATAGATGATAGATAGATAGATAGATAGATAGATATAGAGATATAGACATATATACTTTATGTTTCTTTGTTGTTTGTGTTTTTCAGGAGGGGGAGTCAGGTTAGTC",821,222,"AGCATTAGCATTTGTCCTGGTTTTATCATATTGCAGACAAAGGAAGTTTGAAATATTGCTTAAGACTTTCCCTGAGATAGATAGATAGATAGATAGATAGATAGATAGATAGATAGATAGATGATAGATAGATAGATAGATAGATAGATAGATAGATAGATATAGAGATATAGACATATATACTTTATGTTTCTTTGTTGTTTGTGTTTTTCAGGAGGGGGAGTCAGGTTAGTC",181,234,FALSE,FALSE,FALSE,4473,2866,2
"4-220-1-3","4","220","1","220","3","data/prepared/170922_M00281_0273_000000000-BBWWD_Multiplex-1stround-TZ220-ABC3_S16_L001_R1_001.fastq.gz","AGCATTAGCATTTGTCCTGGTTTTATCATATTGCAGACAAAGGAAGTTTGAAATATTGCTTAAGACTTTCCCTGAGATAGATAGATAGATAGATAGATAGATAGATAGATAGATAGATAGATGATAGATAGATAGATAGATAGATAGATATAGAGATATAGACATATATACTTTATGTTTCTTTGTTGTTTGTGTTTTTCAGGAGGGGGAGTCAGGTTAGTC",7985,222,,,,TRUE,TRUE,FALSE,93375,15594,1
"4-220-2-3","4","220","2","220","3","data/prepared/170925_M00281_0274_000000000-BBW8V_Multiplex-2ndround-TZ220-3_S172_L001_R1_001.fastq.gz","AGCATTAGCATTTGTCCTGGTTTTATCATATTGCAGACAAAGGAAGTTTGAAATATTGCTTAAGACTTTCCCTGAGATAGATAGATAGATAGATAGATAGATAGATAGATAGATAGATAGATGATAGATAGATAGATAGATAGATAGATATAGAGATATAGACATATATACTTTATGTTTCTTTGTTGTTTGTGTTTTTCAGGAGGGGGAGTCAGGTTAGTC",2128,222,,,,TRUE,TRUE,FALSE,5700,4213,1
"4-254-1-3","4","254","1","254","3","data/prepared/170922_M00281_0273_000000000-BBWWD_Multiplex-1stround-TZ254-ABC3_S17_L001_R1_001.fastq.gz","AGCATTAGCATTTGTCCTGGTTTTATCATATTGCAGACAAAGGAAGTTTGAAATATTGCTTAAGACTTTCCCTGAGATAGATAGATAGATAGATAGATAGATAGATAGATAGATAGATAGATGATAGATAGATAGATAGATAGATAGATATAGAGATATAGACATATATACTTTATGTTTCTTTGTTGTTTGTGTTTTTCAGGAGGGGGAGTCAGGTTAGTC",13388,222,,,,TRUE,TRUE,FALSE,128367,24452,1
"4-254-2-3","4","254","2","254","3","data/prepared/170925_M00281_0274_000000000-BBW8V_Multiplex-2ndround-TZ254-3_S173_L001_R1_001.fastq.gz","AGCATTAGCATTTGTCCTGGTTTTATCATATTGCAGACAAAGGAAGTTTGAAATATTGCTTAAGACTTTCCCTGAGATAGATAGATAGATAGATAGATAGATAGATAGATAGATAGATAGATGATAGATAGATAGATAGATAGATAGATATAGAGATATAGACATATATACTTTATGTTTCTTTGTTGTTTGTGTTTTTCAGGAGGGGGAGTCAGGTTAGTC",3259,222,,,,TRUE,TRUE,FALSE,12428,6790,1
"4-259-1-3","4","259","1","259","3","data/prepared/170922_M00281_0273_000000000-BBWWD_Multiplex-1stround-TZ259-ABC3_S18_L001_R1_001.fastq.gz","AGCATTAGCATTTGTCCTGGTTTTATCATATTGCAGACAAAGGAAGTTTGAAATATTGCTTAAGACTTTCCCTGAGATAGATAGATAGATAGATAGATAGATAGATAGATAGATAGATAGATGATAGATAGATAGATAGATAGATAGATATAGAGATATAGACATATATACTTTATGTTTCTTTGTTGTTTGTGTTTTTCAGGAGGGGGAGTCAGGTTAGTC",13070,222,,,,TRUE,TRUE,FALSE,176651,25095,1
"4-259-2-3","4","259","2","259","3","data/prepared/170925_M00281_0274_000000000-BBW8V_Multiplex-2ndround-TZ259-3_S174_L001_R1_001.fastq.gz","AGCATTAGCATTTGTCCTGGTTTTATCATATTGCAGACAAAGGAAGTTTGAAATATTGCTTAAGACTTTCCCTGAGATAGATAGATAGATAGATAGATAGATAGATAGATAGATAGATAGATGATAGATAGATAGATAGATAGATAGATATAGAGATATAGACATATATACTTTATGTTTCTTTGTTGTTTGTGTTTTTCAGGAGGGGGAGTCAGGTTAGTC",4282,222,,,,TRUE,TRUE,FALSE,18204,8165,1
"4-260-1-3","4","260","1","260","3","data/prepared/170922_M00281_0273_000000000-BBWWD_Multiplex-1stround-TZ260-ABC3_S19_L001_R1_001.fastq.gz","AGCATTAGCATTTGTCCTGGTTTTATCATATTGCAGACAAAGGAAGTTTGAAATATTGCTTAAGACTTTCCCTGAGATAGATAGATAGATAGATAGATAGATAGATAGATAGATAGATAGATGATAGATAGATAGATAGATAGATAGATATAGAGATATAGACATATATACTTTATGTTTCTTTGTTGTTTGTGTTTTTCAGGAGGGGGAGTCAGGTTAGTC",3454,222,"AGCATTAGCATTTGTCCTGGTTTTATCATATTGCAGACAAAGGAAGTTTGAAATATTGCTTAAGACTTTCCCTGAGATAGATAGATAGATAGATAGATAGATAGATAGATAGATAGATAGATGATAGATAGATAGATAGATAGATAGATAGATAGATAGATATAGAGATATAGACATATATACTTTATGTTTCTTTGTTGTTTGTGTTTTTCAGGAGGGGGAGTCAGGTTAGTC",3450,234,FALSE,FALSE,FALSE,109281,14833,2
"4-260-2-3","4","260","2","260","3","data/prepared/170925_M00281_0274_000000000-BBW8V_Multiplex-2ndround-TZ260-3_S175_L001_R1_001.fastq.gz","AGCATTAGCATTTGTCCTGGTTTTATCATATTGCAGACAAAGGAAGTTTGAAATATTGCTTAAGACTTTCCCTGAGATAGATAGATAGATAGATAGATAGATAGATAGATAGATAGATAGATGATAGATAGATAGATAGATAGATAGATATAGAGATATAGACATATATACTTTATGTTTCTTTGTTGTTTGTGTTTTTCAGGAGGGGGAGTCAGGTTAGTC",359,222,"AGCATTAGCATTTGTCCTGGTTTTATCATATTGCAGACAAAGGAAGTTTGAAATATTGCTTAAGACTTTCCCTGAGATAGATAGATAGATAGATAGATAGATAGATAGATAGATAGATAGATGATAGATAGATAGATAGATAGATAGATAGATAGATAGATATAGAGATATAGACATATATACTTTATGTTTCTTTGTTGTTTGTGTTTTTCAGGAGGGGGAGTCAGGTTAGTC",273,234,FALSE,FALSE,FALSE,8947,2101,2
"4-263-1-3","4","263","1","263","3","data/prepared/170922_M00281_0273_000000000-BBWWD_Multiplex-1stround-TZ263-ABC3_S20_L001_R1_001.fastq.gz","AGCATTAGCATTTGTCCTGGTTTTATCATATTGCAGACAAAGGAAGTTTGAAATATTGCTTAAGACTTTCCCTGAGATAGATAGATAGATAGATAGATAGATAGATAGATAGATAGATAGATGATAGATAGATAGATAGATAGATAGATATAGAGATATAGACATATATACTTTATGTTTCTTTGTTGTTTGTGTTTTTCAGGAGGGGGAGTCAGGTTAGTC",11682,222,,,,TRUE,TRUE,FALSE,169895,22675,1
"4-263-2-3","4","263","2","263","3","data/prepared/170925_M00281_0274_000000000-BBW8V_Multiplex-2ndround-TZ263-3_S176_L001_R1_001.fastq.gz","AGCATTAGCATTTGTCCTGGTTTTATCATATTGCAGACAAAGGAAGTTTGAAATATTGCTTAAGACTTTCCCTGAGATAGATAGATAGATAGATAGATAGATAGATAGATAGATAGATAGATGATAGATAGATAGATAGATAGATAGATATAGAGATATAGACATATATACTTTATGTTTCTTTGTTGTTTGTGTTTTTCAGGAGGGGGAGTCAGGTTAGTC",2569,222,,,,TRUE,TRUE,FALSE,27328,4288,1
"4-264-1-3","4","264","1","264","3","data/prepared/170922_M00281_0273_000000000-BBWWD_Multiplex-1stround-TZ264-ABC3_S21_L001_R1_001.fastq.gz","AGCATTAGCATTTGTCCTGGTTTTATCATATTGCAGACAAAGGAAGTTTGAAATATTGCTTAAGACTTTCCCTGAGATAGATAGATAGATAGATAGATAGATAGATAGATAGATAGATAGATGATAGATAGATAGATAGATAGATAGATATAGAGATATAGACATATATACTTTATGTTTCTTTGTTGTTTGTGTTTTTCAGGAGGGGGAGTCAGGTTAGTC",7899,222,,,,TRUE,TRUE,FALSE,77326,13003,1
"4-264-2-3","4","264","2","264","3","data/prepared/170925_M00281_0274_000000000-BBW8V_Multiplex-2ndround-TZ264-3_S177_L001_R1_001.fastq.gz","AGCATTAGCATTTGTCCTGGTTTTATCATATTGCAGACAAAGGAAGTTTGAAATATTGCTTAAGACTTTCCCTGAGATAGATAGATAGATAGATAGATAGATAGATAGATAGATAGATAGATGATAGATAGATAGATAGATAGATAGATATAGAGATATAGACATATATACTTTATGTTTCTTTGTTGTTTGTGTTTTTCAGGAGGGGGAGTCAGGTTAGTC",2276,222,,,,TRUE,TRUE,FALSE,17428,4363,1
"4-271-1-3","4","271","1","271","3","data/prepared/170922_M00281_0273_000000000-BBWWD_Multiplex-1stround-TZ271-ABC3_S22_L001_R1_001.fastq.gz","AGCATTAGCATTTGTCCTGGTTTTATCATATTGCAGACAAAGGAAGTTTGAAATATTGCTTAAGACTTTCCCTGAGATAGATAGATAGATAGATAGATAGATAGATAGATAGATAGATGATAGATAGATAGATAGATAGATAGATAGATAGATATAGAGATATAGACATATATACTTTATGTTTCTTTGTTGTTTGTGTTTTTCAGGAGGGGGAGTCAGGTTAGTC",4250,226,"AGCATTAGCATTTGTCCTGGTTTTATCATATTGCAGACAAAGGAAGTTTGAAATATTGCTTAAGACTTTCCCTGAGATAGATAGATAGATAGATAGATAGATAGATAGATAGATAGATAGATGATAGATAGATAGATAGATAGATAGATATAGAGATATAGACATATATACTTTATGTTTCTTTGTTGTTTGTGTTTTTCAGGAGGGGGAGTCAGGTTAGTC",4239,222,FALSE,FALSE,FALSE,183150,21575,3
"4-271-2-3","4","271","2","271","3","data/prepared/170925_M00281_0274_000000000-BBW8V_Multiplex-2ndround-TZ271-3_S178_L001_R1_001.fastq.gz","AGCATTAGCATTTGTCCTGGTTTTATCATATTGCAGACAAAGGAAGTTTGAAATATTGCTTAAGACTTTCCCTGAGATAGATAGATAGATAGATAGATAGATAGATAGATAGATAGATAGATGATAGATAGATAGATAGATAGATAGATATAGAGATATAGACATATATACTTTATGTTTCTTTGTTGTTTGTGTTTTTCAGGAGGGGGAGTCAGGTTAGTC",1317,222,"AGCATTAGCATTTGTCCTGGTTTTATCATATTGCAGACAAAGGAAGTTTGAAATATTGCTTAAGACTTTCCCTGAGATAGATAGATAGATAGATAGATAGATAGATAGATAGATAGATGATAGATAGATAGATAGATAGATAGATAGATAGATATAGAGATATAGACATATATACTTTATGTTTCTTTGTTGTTTGTGTTTTTCAGGAGGGGGAGTCAGGTTAGTC",1293,226,FALSE,FALSE,FALSE,39051,7416,4
"4-320-1-3","4","320","1","320","3","data/prepared/170922_M00281_0273_000000000-BBWWD_Multiplex-1stround-TZ320-ABC3_S23_L001_R1_001.fastq.gz","AGCATTAGCATTTGTCCTGGTTTTATCATATTGCAGACAAAGGAAGTTTGAAATATTGCTTAAGACTTTCCCTGAGATAGATAGATAGATAGATAGATAGATAGATAGATAGATAGATGATAGATAGATAGATAGATAGATAGATAGATAGATAGATAGATATAGAGATATAGACATATATACTTTATGTTTCTTTGTTGTTTGTGTTTTTCAGGAGGGGGAGTCAGGTTAGTC",3342,234,"AGCATTAGCATTTGTCCTGGTTTTATCATATTGCAGACAAAGGAAGTTTGAAATATTGCTTAAGACTTTCCCTGAGATAGATAGATAGATAGATAGATAGATAGATAGATAGATAGATAGATGATAGATAGATAGATAGATAGATAGATAGATAGATAGATATAGAGATATAGACATATATACTTTATGTTTCTTTGTTGTTTGTGTTTTTCAGGAGGGGGAGTCAGGTTAGTC",3201,234,FALSE,FALSE,FALSE,145931,21073,3
"4-320-2-3","4","320","2","320","3","data/prepared/170925_M00281_0274_000000000-BBW8V_Multiplex-2ndround-TZ320-3_S179_L001_R1_001.fastq.gz","AGCATTAGCATTTGTCCTGGTTTTATCATATTGCAGACAAAGGAAGTTTGAAATATTGCTTAAGACTTTCCCTGAGATAGATAGATAGATAGATAGATAGATAGATAGATAGATAGATGATAGATAGATAGATAGATAGATAGATAGATAGATAGATAGATATAGAGATATAGACATATATACTTTATGTTTCTTTGTTGTTTGTGTTTTTCAGGAGGGGGAGTCAGGTTAGTC",353,234,"AGCATTAGCATTTGTCCTGGTTTTATCATATTGCAGACAAAGGAAGTTTGAAATATTGCTTAAGACTTTCCCTGAGATAGATAGATAGATAGATAGATAGATAGATAGATAGATAGATGATAGATAGATAGATAGATAGATAGATAGATAGATAGATATAGAGATATAGACATATATACTTTATGTTTCTTTGTTGTTTGTGTTTTTCAGGAGGGGGAGTCAGGTTAGTC",324,230,FALSE,FALSE,FALSE,3983,2342,4
"4-336-1-3","4","336","1","336","3","data/prepared/170922_M00281_0273_000000000-BBWWD_Multiplex-1stround-TZ336-ABC3_S24_L001_R1_001.fastq.gz","AGCATTAGCATTTGTCCTGGTTTTATCATATTGCAGACAAAGGAAGTTTGAAATATTGCTTAAGACTTTCCCTGAGATAGATAGATAGATAGATAGATAGATAGATAGATAGATAGATAGATGATAGATAGATAGATAGATAGATAGATATAGAGATATAGACATATATACTTTATGTTTCTTTGTTGTTTGTGTTTTTCAGGAGGGGGAGTCAGGTTAGTC",3083,222,"AGCATTAGCATTTGTCCTGGTTTTATCATATTGCAGACAAAGGAAGTTTGAAATATTGCTTAAGACTTTCCCTGAGATAGATAGATAGATAGATAGATAGATAGATAGATAGATAGATAGATGATAGATAGATAGATAGATAGATAGATAGATAGATAGATATAGAGATATAGACATATATACTTTATGTTTCTTTGTTGTTTGTGTTTTTCAGGAGGGGGAGTCAGGTTAGTC",1807,234,FALSE,FALSE,FALSE,103718,12094,2
"4-336-2-3","4","336","2","336","3","data/prepared/170925_M00281_0274_000000000-BBW8V_Multiplex-2ndround-TZ336-3_S180_L001_R1_001.fastq.gz","AGCATTAGCATTTGTCCTGGTTTTATCATATTGCAGACAAAGGAAGTTTGAAATATTGCTTAAGACTTTCCCTGAGATAGATAGATAGATAGATAGATAGATAGATAGATAGATAGATAGATGATAGATAGATAGATAGATAGATAGATATAGAGATATAGACATATATACTTTATGTTTCTTTGTTGTTTGTGTTTTTCAGGAGGGGGAGTCAGGTTAGTC",1905,222,"AGCATTAGCATTTGTCCTGGTTTTATCATATTGCAGACAAAGGAAGTTTGAAATATTGCTTAAGACTTTCCCTGAGATAGATAGATAGATAGATAGATAGATAGATAGATAGATAGATAGATGATAGATAGATAGATAGATAGATAGATAGATAGATAGATATAGAGATATAGACATATATACTTTATGTTTCTTTGTTGTTTGTGTTTTTCAGGAGGGGGAGTCAGGTTAGTC",717,234,FALSE,FALSE,FALSE,35101,7270,2
"4-37-1-4","4","37","1","37","4","data/prepared/170922_M00281_0273_000000000-BBWWD_Multiplex-1stround-TZ037-D124_S1_L001_R1_001.fastq.gz",,,,,,,FALSE,FALSE,FALSE,51077,599,0
"4-37-2-4","4","37","2","37","4","data/prepared/170925_M00281_0274_000000000-BBW8V_Multiplex-2ndround-TZ037-4_S181_L001_R1_001.fastq.gz","GTGGGAAAATTGGCCTAAGTCTGGGGTTCTGACGACAGCCCCTGGCTTCTTTCTTGGCAGATAAGTGCATGATGGAACAATAGGTGAGCCACTTCATTCATTCATTCATTCATTCATTCATTCAACACACATCCACCCAACCCACTCTGCGATGGGATGGATCAGGGCCCCAGGACAGCCTGGTGCTGCAGACCCATCCTTCCCGATGGCTGCCGTCCAGGGCCGGGCGGGAGACACTGGGGCTGCCCACATTGATGGGTGCACAGGTGTGAGGCTCAGAAG",295,282,"GTGGGAAAATTGGCCTAAGTCTGGGGTTCTGACGACAGCCCCTGGCTTCTTTCTTGGCAGATAAGTGCATGATGGAACAATAGGTGAGCCACTTCATTCATTCATTCATTCATTCATTCATTCATTCATTCATTCAACACACATCCACCCAACCCACTCTGCGATGGGATGGATCAGGGCCCCAGGACAGCCTGGTGCTGCAGACCCATCCTTCCCGATGGCTGCCGTCCAGGGCCGGGCGGGAGACACTGGGGCTGCCCACATTGATGGGTGCACAGGTGTGAGGCTCAGAAG",227,294,FALSE,FALSE,FALSE,23581,1136,2
"4-60-1-4","4","60","1","60","4","data/prepared/170922_M00281_0273_000000000-BBWWD_Multiplex-1stround-TZ060-D124_S2_L001_R1_001.fastq.gz",,,,,,,FALSE,FALSE,FALSE,57835,2501,0
"4-60-2-4","4","60","2","60","4","data/prepared/170925_M00281_0274_000000000-BBW8V_Multiplex-2ndround-TZ060-4_S182_L001_R1_001.fastq.gz","GTGGGAAAATTGGCCTAAGTCTGGGGTTCTGACGACAGCCCCTGGCTTCTTTCTTGGCAGATAAGTGCATGATGGAACAATAGGTGAGCCACTTCATTCATTCATTCATTCAACACACATCCACCCAACCCACTCTGCGATGGGATGGATCAGGGCCCCAGGACAGCCTGGTGCTGCAGACCCATCCTTCCCGATGGCTGCCGTCCAGGGCCGGGCGGGAGACACTGGGGCTGCCCACATTGATGGGTGCACAGGTGTGAGGCTCAGAAG",1239,270,"GTGGGAAAATTGGCCTAAGTCTGGGGTTCTGACGACAGCCCCTGGCTTCTTTCTTGGCAGATAAGTGCATGATGGAACAATAGGTGAGCCACTTCATTCATTCATTCATTCATTCATTCATTCATTCATTCATTCAAACACACATCCACCCAACCCACTCTGCGATGGGATGGATCAGGGCCCCAGGACAGCCTGGTGCTGCAGACCCATCCTTCCCGATGGCTGCCGTCCAGGGCCGGGCGGGAGACACTGGGGCTGCCCACATTGATGGGTGCACAGGTGTGAGGCTCAGAAG",338,295,FALSE,FALSE,FALSE,28335,2889,3
"4-96-1-4","4","96","1","96","4","data/prepared/170922_M00281_0273_000000000-BBWWD_Multiplex-1stround-TZ096-D124_S3_L001_R1_001.fastq.gz",,,,,,,FALSE,FALSE,FALSE,51068,2386,0
"4-96-2-4","4","96","2","96","4","data/prepared/170925_M00281_0274_000000000-BBW8V_Multiplex-2ndround-TZ096-4_S183_L001_R1_001.fastq.gz","GTGGGAAAATTGGCCTAAGTCTGGGGTTCTGACGACAGCCCCTGGCTTCTTTCTTGGCAGATAAGTGCATGATGGAACAATAGGTGAGCCACTTCATTCATTCATTCATTCATTCATTCATTCAACACACATCCACCCAACCCACTCTGCGATGGGATGGATCAGGGCCCCAGGACAGCCTGGTGCTGCAGACCCATCCTTCCCGATGGCTGCCGTCCAGGGCCGGGCGGGAGACACTGGGGCTGCCCACATTGATGGGTGCACAGGTGTGAGGCTCAGAAG",1376,282,"GTGGGAAAATTGGCCTAAGTCTGGGGTTCTGACGACAGCCCCTGGCTTCTTTCTTGGCAGATAAGTGCATGATGGAACAATAGGTGAGCCACTTCATTCATTCATTCATTCATTCATTCATTCATTCATTCATTCAAACACACATCCACCCAACCCACTCTGCGATGGGATGGATCAGGGCCCCAGGACAGCCTGGTGCTGCAGACCCATCCTTCCCGATGGCTGCCGTCCAGGGCCGGGCGGGAGACACTGGGGCTGCCCACATTGATGGGTGCACAGGTGTGAGGCTCAGAAG",298,295,FALSE,FALSE,FALSE,40789,3477,3
"4-220-1-4","4","220","1","220","4","data/prepared/170922_M00281_0273_000000000-BBWWD_Multiplex-1stround-TZ220-D124_S4_L001_R1_001.fastq.gz",,,,,,,FALSE,FALSE,FALSE,66836,1216,0
"4-220-2-4","4","220","2","220","4","data/prepared/170925_M00281_0274_000000000-BBW8V_Multiplex-2ndround-TZ220-4_S184_L001_R1_001.fastq.gz","GTGGGAAAATTGGCCTAAGTCTGGGGTTCTGACGACAGCCCCTGGCTTCTTTCTTGGCAGATAAGTGCATGATGGAACAATAGGTGAGCCACTTCATTCATTCATTCATTCATTCATTCATTCATTCATTCATTCAAACACACATCCACCCAACCCACTCTGCGATGGGATGGATCAGGGCCCCAGGACAGCCTGGTGCTGCAGACCCATCCTTCCCGATGGCTGCCGTCCAGGGCCGGGCGGGAGACACTGGGGCTGCCCACATTGATGGGTGCACAGGTGTGAGGCTCAGAAG",1061,295,,,,TRUE,TRUE,FALSE,31775,1748,1
"4-254-1-4","4","254","1","254","4","data/prepared/170922_M00281_0273_000000000-BBWWD_Multiplex-1stround-TZ254-D124_S5_L001_R1_001.fastq.gz",,,,,,,FALSE,FALSE,FALSE,68571,1506,0
"4-254-2-4","4","254","2","254","4","data/prepared/170925_M00281_0274_000000000-BBW8V_Multiplex-2ndround-TZ254-4_S185_L001_R1_001.fastq.gz","GTGGGAAAATTGGCCTAAGTCTGGGGTTCTGACGACAGCCCCTGGCTTCTTTCTTGGCAGATAAGTGCATGATGGAACAATAGGTGAGCCACTTCATTCATTCATTCATTCATTCATTCATTCATTCATTCATTCAAACACACATCCACCCAACCCACTCTGCGATGGGATGGATCAGGGCCCCAGGACAGCCTGGTGCTGCAGACCCATCCTTCCCGATGGCTGCCGTCCAGGGCCGGGCGGGAGACACTGGGGCTGCCCACATTGATGGGTGCACAGGTGTGAGGCTCAGAAG",1403,295,,,,TRUE,TRUE,FALSE,49426,2929,1
"4-259-1-4","4","259","1","259","4","data/prepared/170922_M00281_0273_000000000-BBWWD_Multiplex-1stround-TZ259-D124_S6_L001_R1_001.fastq.gz",,,,,,,FALSE,FALSE,FALSE,103865,3114,0
"4-259-2-4","4","259","2","259","4","data/prepared/170925_M00281_0274_000000000-BBW8V_Multiplex-2ndround-TZ259-4_S186_L001_R1_001.fastq.gz","GTGGGAAAATTGGCCTAAGTCTGGGGTTCTGACGACAGCCCCTGGCTTCTTTCTTGGCAGATAAGTGCATGATGGAACAATAGGTGAGCCACTTCATTCATTCATTCATTCATTCATTCATTCATTCATTCATTCAAACACACATCCACCCAACCCACTCTGCGATGGGATGGATCAGGGCCCCAGGACAGCCTGGTGCTGCAGACCCATCCTTCCCGATGGCTGCCGTCCAGGGCCGGGCGGGAGACACTGGGGCTGCCCACATTGATGGGTGCACAGGTGTGAGGCTCAGAAG",1722,295,,,,TRUE,TRUE,FALSE,21394,3306,1
"4-260-1-4","4","260","1","260","4","data/prepared/170922_M00281_0273_000000000-BBWWD_Multiplex-1stround-TZ260-D124_S7_L001_R1_001.fastq.gz",,,,,,,FALSE,FALSE,FALSE,155608,2922,0
"4-260-2-4","4","260","2","260","4","data/prepared/170925_M00281_0274_000000000-BBW8V_Multiplex-2ndround-TZ260-4_S187_L001_R1_001.fastq.gz","GTGGGAAAATTGGCCTAAGTCTGGGGTTCTGACGACAGCCCCTGGCTTCTTTCTTGGCAGATAAGTGCATGATGGAACAATAGGTGAGCCACTTCATTCATTCATTCATTCATTCATTCATTCATTCAACACACATCCACCCAACCCACTCTGCGATGGGATGGATCAGGGCCCCAGGACAGCCTGGTGCTGCAGACCCATCCTTCCCGATGGCTGCCGTCCAGGGCCGGGCGGGAGACACTGGGGCTGCCCACATTGATGGGTGCACAGGTGTGAGGCTCAGAAG",569,286,"GTGGGAAAATTGGCCTAAGTCTGGGGTTCTGACGACAGCCCCTGGCTTCTTTCTTGGCAGATAAGTGCATGATGGAACAATAGGTGAGCCACTTCATTCATTCATTCATTCATTCATTCATTCATTCATTCATTCAAACACACATCCACCCAACCCACTCTGCGATGGGATGGATCAGGGCCCCAGGACAGCCTGGTGCTGCAGACCCATCCTTCCCGATGGCTGCCGTCCAGGGCCGGGCGGGAGACACTGGGGCTGCCCACATTGATGGGTGCACAGGTGTGAGGCTCAGAAG",228,295,FALSE,FALSE,FALSE,18787,2189,3
"4-263-1-4","4","263","1","263","4","data/prepared/170922_M00281_0273_000000000-BBWWD_Multiplex-1stround-TZ263-D124_S8_L001_R1_001.fastq.gz",,,,,,,FALSE,FALSE,FALSE,104576,2376,0
"4-263-2-4","4","263","2","263","4","data/prepared/170925_M00281_0274_000000000-BBW8V_Multiplex-2ndround-TZ263-4_S188_L001_R1_001.fastq.gz","GTGGGAAAATTGGCCTAAGTCTGGGGTTCTGACGACAGCCCCTGGCTTCTTTCTTGGCAGATAAGTGCATGATGGAACAATAGGTGAGCCACTTCATTCATTCATTCATTCATTCATTCATTCAACACACATCCACCCAACCCACTCTGCGATGGGATGGATCAGGGCCCCAGGACAGCCTGGTGCTGCAGACCCATCCTTCCCGATGGCTGCCGTCCAGGGCCGGGCGGGAGACACTGGGGCTGCCCACATTGATGGGTGCACAGGTGTGAGGCTCAGAAG",1265,282,"GTGGGAAAATTGGCCTAAGTCTGGGGTTCTGACGACAGCCCCTGGCTTCTTTCTTGGCAGATAAGTGCATGATGGAACAATAGGTGAGCCACTTCATTCATTCATTCATTCATTCATTCATTCATTCAACACACATCCACCCAACCCACTCTGCGATGGGATGGATCAGGGCCCCAGGACAGCCTGGTGCTGCAGACCCATCCTTCCCGATGGCTGCCGTCCAGGGCCGGGCGGGAGACACTGGGGCTGCCCACATTGATGGGTGCACAGGTGTGAGGCTCAGAAG",841,286,FALSE,FALSE,FALSE,21581,3146,2
"4-264-1-4","4","264","1","264","4","data/prepared/170922_M00281_0273_000000000-BBWWD_Multiplex-1stround-TZ264-D124_S9_L001_R1_001.fastq.gz",,,,,,,FALSE,FALSE,FALSE,69106,3138,0
"4-264-2-4","4","264","2","264","4","data/prepared/170925_M00281_0274_000000000-BBW8V_Multiplex-2ndround-TZ264-4_S189_L001_R1_001.fastq.gz","GTGGGAAAATTGGCCTAAGTCTGGGGTTCTGACGACAGCCCCTGGCTTCTTTCTTGGCAGATAAGTGCATGATGGAACAATAGGTGAGCCACTTCATTCATTCATTCATTCAACACACATCCACCCAACCCACTCTGCGATGGGATGGATCAGGGCCCCAGGACAGCCTGGTGCTGCAGACCCATCCTTCCCGATGGCTGCCGTCCAGGGCCGGGCGGGAGACACTGGGGCTGCCCACATTGATGGGTGCACAGGTGTGAGGCTCAGAAG",1770,270,,,,TRUE,FALSE,TRUE,32864,2842,1
"4-271-1-4","4","271","1","271","4","data/prepared/170922_M00281_0273_000000000-BBWWD_Multiplex-1stround-TZ271-D124_S10_L001_R1_001.fastq.gz",,,,,,,FALSE,FALSE,FALSE,92122,2956,0
"4-271-2-4","4","271","2","271","4","data/prepared/170925_M00281_0274_000000000-BBW8V_Multiplex-2ndround-TZ271-4_S190_L001_R1_001.fastq.gz","GTGGGAAAATTGGCCTAAGTCTGGGGTTCTGACGACAGCCCCTGGCTTCTTTCTTGGCAGATAAGTGCATGATGGAACAATAGGTGAGCCACTTCATTCATTCATTCATTCATTCATTCATTCATTCAACACACATCCACCCAACCCACTCTGCGATGGGATGGATCAGGGCCCCAGGACAGCCTGGTGCTGCAGACCCATCCTTCCCGATGGCTGCCGTCCAGGGCCGGGCGGGAGACACTGGGGCTGCCCACATTGATGGGTGCACAGGTGTGAGGCTCAGAAG",1448,286,"GTGGGAAAATTGGCCTAAGTCTGGGGTTCTGACGACAGCCCCTGGCTTCTTTCTTGGCAGATAAGTGCATGATGGAACAATAGGTGAGCCACTTCATTCATTCATTCATTCATTCATTCATTCATTCATTCATTCAAACACACATCCACCCAACCCACTCTGCGATGGGATGGATCAGGGCCCCAGGACAGCCTGGTGCTGCAGACCCATCCTTCCCGATGGCTGCCGTCCAGGGCCGGGCGGGAGACACTGGGGCTGCCCACATTGATGGGTGCACAGGTGTGAGGCTCAGAAG",720,295,FALSE,FALSE,FALSE,46569,5466,4
"4-320-1-4","4","320","1","320","4","data/prepared/170922_M00281_0273_000000000-BBWWD_Multiplex-1stround-TZ320-D124_S11_L001_R1_001.fastq.gz",,,,,,,FALSE,FALSE,FALSE,96483,3703,0
"4-320-2-4","4","320","2","320","4","data/prepared/170925_M00281_0274_000000000-BBW8V_Multiplex-2ndround-TZ320-4_S191_L001_R1_001.fastq.gz","GTGGGAAAATTGGCCTAAGTCTGGGGTTCTGACGACAGCCCCTGGCTTCTTTCTTGGCAGATAAGTGCATGATGGAACAATAGGTGAGCCACTTCATTCATTCATTCATTCAACACACATCCACCCAACCCACTCTGCGATGGGATGGATCAGGGCCCCAGGACAGCCTGGTGCTGCAGACCCATCCTTCCCGATGGCTGCCGTCCAGGGCCGGGCGGGAGACACTGGGGCTGCCCACATTGATGGGTGCACAGGTGTGAGGCTCAGAAG",2115,270,"GTGGGAAAATTGGCCTAAGTCTGGGGTTCTGACGACAGCCCCTGGCTTCTTTCTTGGCAGATAAGTGCATGATGGAACAATAGGTGAGCCACTTCATTCATTCATTCATTCATTCATTCATTCATTCATTCATTCAAACACACATCCACCCAACCCACTCTGCGATGGGATGGATCAGGGCCCCAGGACAGCCTGGTGCTGCAGACCCATCCTTCCCGATGGCTGCCGTCCAGGGCCGGGCGGGAGACACTGGGGCTGCCCACATTGATGGGTGCACAGGTGTGAGGCTCAGAAG",409,295,FALSE,FALSE,FALSE,37500,4399,2
"4-336-1-4","4","336","1","336","4","data/prepared/170922_M00281_0273_000000000-BBWWD_Multiplex-1stround-TZ336-D124_S12_L001_R1_001.fastq.gz",,,,,,,FALSE,FALSE,FALSE,9277,249,0
"4-336-2-4","4","336","2","336","4","data/prepared/170925_M00281_0274_000000000-BBW8V_Multiplex-2ndround-TZ336-4_S192_L001_R1_001.fastq.gz","GTGGGAAAATTGGCCTAAGTCTGGGGTTCTGACGACAGCCCCTGGCTTCTTTCTTGGCAGATAAGTGCATGATGGAACAATAGGTGAGCCACTTCATTCATTCATTCATTCATTCATTCATTCATTCAACACACATCCACCCAACCCACTCTGCGATGGGATGGATCAGGGCCCCAGGACAGCCTGGTGCTGCAGACCCATCCTTCCCGATGGCTGCCGTCCAGGGCCGGGCGGGAGACACTGGGGCTGCCCACATTGATGGGTGCACAGGTGTGAGGCTCAGAAG",312,286,"GTGGGAAAATTGGCCTAAGTCTGGGGTTCTGACGACAGCCCCTGGCTTCTTTCTTGGCAGATAAGTGCATGATGGAACAATAGGTGAGCCACTTCATTCATTCATTCATTCATTCATTCATTCATTCATTCATTCAAACACACATCCACCCAACCCACTCTGCGATGGGATGGATCAGGGCCCCAGGACAGCCTGGTGCTGCAGACCCATCCTTCCCGATGGCTGCCGTCCAGGGCCGGGCGGGAGACACTGGGGCTGCCCACATTGATGGGTGCACAGGTGTGAGGCTCAGAAG",122,295,FALSE,FALSE,FALSE,14264,1109,3
